Image No,Image Pixel,Processing Time,Iteration,Combination,Current Script,Execution Time (seconds),RAM Memory Usage (MB),CPU Usage Per Core,GPU Usage (%),GPU Memory Usage (MB),Total RAM (GB),Total CPU Cores,Total GPU Memory (GB),CPU Model,GPU Model,CPU Clock Speed (MHz),GPU Clock Speed (MHz),Number of Cores Used,File,Duration
1.0,448x640,43.1,1,p,predict.py,16.867469310760498,1380.0859375,"[0.0, 0.0, 0.0, 0.0, 0.0, 0.0, 0.0, 0.0, 0.0, 100.0, 0.0, 0.0, 0.0, 0.0, 0.0, 0.0, 0.0, 0.0, 0.0, 0.0, 0.0, 0.0, 0.0, 0.0, 9.1, 0.0, 0.0, 0.0, 0.0, 0.0, 0.0, 0.0]",39,1.607421875,256,32,24,Intel(R) Xeon(R) Gold 6226R CPU,NVIDIA RTX A5000,2900.0,2100,2,,
,,390.0,1,s,speech.py,111.06808710098268,1778.20703125,"[18.2, 16.7, 0.0, 0.0, 9.1, 9.1, 0.0, 54.5, 45.5, 0.0, 0.0, 0.0, 0.0, 0.0, 100.0, 9.1, 9.1, 0.0, 0.0, 0.0, 20.0, 0.0, 0.0, 9.1, 0.0, 0.0, 0.0, 0.0, 0.0, 20.0, 0.0, 9.1]",91,4.455078125,256,32,24,Intel(R) Xeon(R) Gold 6226R CPU,NVIDIA RTX A5000,2900.0,2100,13,/home/user/Desktop/CODE/Adit/test-clean/LibriSpeech/test-clean/8463/294828/8463-294828-0010.flac,8.34
1.0,448x640,40.6,1,d,detect.py,15.24671745300293,1350.96484375,"[0.0, 0.0, 0.0, 0.0, 9.1, 0.0, 0.0, 0.0, 0.0, 0.0, 0.0, 9.1, 10.0, 0.0, 0.0, 0.0, 0.0, 0.0, 0.0, 0.0, 0.0, 0.0, 0.0, 0.0, 0.0, 0.0, 0.0, 0.0, 0.0, 0.0, 0.0, 0.0]",35,1.05859375,256,32,24,Intel(R) Xeon(R) Gold 6226R CPU,NVIDIA RTX A5000,2900.0,2100,3,,
1.0,448x640,43.2,1,pp,predict.py,17.94042158126831,1356.1875,"[0.0, 9.1, 100.0, 0.0, 0.0, 0.0, 0.0, 0.0, 0.0, 9.1, 0.0, 100.0, 0.0, 0.0, 0.0, 0.0, 0.0, 0.0, 0.0, 0.0, 0.0, 0.0, 0.0, 0.0, 0.0, 0.0, 0.0, 0.0, 0.0, 0.0, 0.0, 0.0]",62,2.4189453125,256,32,24,Intel(R) Xeon(R) Gold 6226R CPU,NVIDIA RTX A5000,2900.0,2100,4,,
1.0,448x640,68.9,1,ps,predict.py,25.50381112098694,1375.5859375,"[0.0, 0.0, 16.7, 0.0, 0.0, 0.0, 0.0, 20.0, 0.0, 0.0, 0.0, 0.0, 0.0, 0.0, 0.0, 0.0, 10.0, 9.1, 0.0, 10.0, 0.0, 0.0, 0.0, 0.0, 0.0, 0.0, 0.0, 100.0, 0.0, 0.0, 0.0, 100.0]",88,5.2001953125,256,32,24,Intel(R) Xeon(R) Gold 6226R CPU,NVIDIA RTX A5000,2900.0,2100,7,,
,,390.0,1,ps,speech.py,108.10316228866576,1775.7734375,"[10.0, 10.0, 54.5, 20.0, 20.0, 33.3, 10.0, 0.0, 0.0, 0.0, 0.0, 0.0, 0.0, 0.0, 0.0, 0.0, 0.0, 27.3, 0.0, 0.0, 0.0, 18.2, 0.0, 0.0, 9.1, 0.0, 0.0, 0.0, 0.0, 0.0, 0.0, 0.0]",90,5.2001953125,256,32,24,Intel(R) Xeon(R) Gold 6226R CPU,NVIDIA RTX A5000,2900.0,2100,10,/home/user/Desktop/CODE/Adit/test-clean/LibriSpeech/test-clean/8463/294828/8463-294828-0010.flac,8.34
1.0,448x640,38.5,1,pd,detect.py,16.439568758010864,1361.85546875,"[0.0, 0.0, 0.0, 10.0, 0.0, 62.5, 20.0, 0.0, 100.0, 40.0, 0.0, 0.0, 10.0, 0.0, 44.4, 50.0, 0.0, 55.6, 0.0, 0.0, 9.1, 40.0, 0.0, 50.0, 0.0, 0.0, 0.0, 0.0, 55.6, 70.0, 9.1, 0.0]",58,1.9404296875,256,32,24,Intel(R) Xeon(R) Gold 6226R CPU,NVIDIA RTX A5000,2900.0,2100,15,,
1.0,448x640,43.2,1,pd,predict.py,17.19835901260376,1359.5390625,"[0.0, 0.0, 20.0, 0.0, 0.0, 100.0, 0.0, 0.0, 0.0, 0.0, 9.1, 0.0, 0.0, 0.0, 9.1, 0.0, 0.0, 0.0, 30.0, 0.0, 0.0, 0.0, 0.0, 0.0, 0.0, 0.0, 0.0, 0.0, 0.0, 0.0, 0.0, 0.0]",58,1.9404296875,256,32,24,Intel(R) Xeon(R) Gold 6226R CPU,NVIDIA RTX A5000,2900.0,2100,5,,
1.0,448x640,43.8,1,sp,predict.py,26.93069005012512,1356.57421875,"[0.0, 0.0, 40.0, 0.0, 0.0, 100.0, 0.0, 0.0, 0.0, 0.0, 0.0, 0.0, 9.1, 0.0, 0.0, 0.0, 9.1, 0.0, 0.0, 0.0, 11.1, 0.0, 0.0, 0.0, 0.0, 0.0, 0.0, 0.0, 0.0, 40.0, 0.0, 0.0]",90,5.2001953125,256,32,24,Intel(R) Xeon(R) Gold 6226R CPU,NVIDIA RTX A5000,2900.0,2100,6,,
,,390.0,1,sp,speech.py,107.97177004814148,1681.78515625,"[9.1, 0.0, 0.0, 0.0, 0.0, 0.0, 9.1, 0.0, 0.0, 0.0, 0.0, 0.0, 0.0, 9.1, 60.0, 16.7, 0.0, 0.0, 0.0, 0.0, 0.0, 0.0, 0.0, 0.0, 0.0, 0.0, 0.0, 0.0, 27.3, 0.0, 18.2, 0.0]",90,5.2001953125,256,32,24,Intel(R) Xeon(R) Gold 6226R CPU,NVIDIA RTX A5000,2900.0,2100,7,/home/user/Desktop/CODE/Adit/test-clean/LibriSpeech/test-clean/8463/294828/8463-294828-0010.flac,8.34
,,390.0,1,ss,speech.py,179.6591022014618,2355.359375,"[100.0, 30.0, 33.3, 0.0, 0.0, 10.0, 0.0, 11.1, 0.0, 20.0, 0.0, 33.3, 11.1, 30.0, 30.0, 0.0, 0.0, 0.0, 44.4, 20.0, 0.0, 0.0, 9.1, 40.0, 45.5, 0.0, 10.0, 20.0, 20.0, 11.1, 100.0, 100.0]",100,7.9814453125,256,32,24,Intel(R) Xeon(R) Gold 6226R CPU,NVIDIA RTX A5000,2900.0,2100,21,/home/user/Desktop/CODE/Adit/test-clean/LibriSpeech/test-clean/8463/294828/8463-294828-0010.flac,8.34
1.0,448x640,38.8,1,sd,detect.py,23.47720694541931,1363.35546875,"[0.0, 60.0, 0.0, 0.0, 50.0, 44.4, 50.0, 0.0, 0.0, 9.1, 100.0, 40.0, 0.0, 0.0, 9.1, 50.0, 0.0, 0.0, 16.7, 45.5, 0.0, 0.0, 9.1, 100.0, 44.4, 10.0, 40.0, 10.0, 9.1, 0.0, 0.0, 0.0]",90,4.7216796875,256,32,24,Intel(R) Xeon(R) Gold 6226R CPU,NVIDIA RTX A5000,2900.0,2100,18,,
,,390.0,1,sd,speech.py,109.07220315933228,1684.04296875,"[0.0, 0.0, 0.0, 0.0, 0.0, 0.0, 0.0, 0.0, 0.0, 0.0, 9.1, 100.0, 0.0, 0.0, 0.0, 0.0, 0.0, 0.0, 0.0, 0.0, 0.0, 0.0, 0.0, 0.0, 0.0, 0.0, 0.0, 0.0, 100.0, 0.0, 0.0, 0.0]",90,4.7216796875,256,32,24,Intel(R) Xeon(R) Gold 6226R CPU,NVIDIA RTX A5000,2900.0,2100,3,/home/user/Desktop/CODE/Adit/test-clean/LibriSpeech/test-clean/8463/294828/8463-294828-0010.flac,8.34
1.0,448x640,38.8,1,dp,detect.py,16.496098518371582,1331.56640625,"[100.0, 0.0, 0.0, 0.0, 0.0, 0.0, 0.0, 0.0, 10.0, 0.0, 0.0, 0.0, 9.1, 0.0, 9.1, 0.0, 0.0, 0.0, 0.0, 0.0, 0.0, 0.0, 40.0, 0.0, 0.0, 0.0, 0.0, 0.0, 0.0, 0.0, 0.0, 27.3]",55,1.9404296875,256,32,24,Intel(R) Xeon(R) Gold 6226R CPU,NVIDIA RTX A5000,2900.0,2100,6,,
1.0,448x640,44.1,1,dp,predict.py,17.17369270324707,1373.671875,"[0.0, 100.0, 0.0, 0.0, 0.0, 0.0, 0.0, 0.0, 0.0, 0.0, 9.1, 0.0, 0.0, 0.0, 0.0, 0.0, 0.0, 0.0, 0.0, 0.0, 0.0, 0.0, 0.0, 0.0, 0.0, 0.0, 20.0, 0.0, 0.0, 0.0, 0.0, 0.0]",55,1.9404296875,256,32,24,Intel(R) Xeon(R) Gold 6226R CPU,NVIDIA RTX A5000,2900.0,2100,3,,
1.0,448x640,38.5,1,ds,detect.py,22.95321655273437,1330.703125,"[0.0, 0.0, 40.0, 0.0, 0.0, 0.0, 100.0, 0.0, 0.0, 0.0, 0.0, 18.2, 18.2, 0.0, 0.0, 0.0, 18.2, 0.0, 0.0, 0.0, 0.0, 0.0, 0.0, 0.0, 9.1, 0.0, 0.0, 0.0, 0.0, 9.1, 0.0, 0.0]",89,4.7216796875,256,32,24,Intel(R) Xeon(R) Gold 6226R CPU,NVIDIA RTX A5000,2900.0,2100,7,,
,,390.0,1,ds,speech.py,109.62906980514526,1680.69140625,"[0.0, 0.0, 0.0, 100.0, 0.0, 9.1, 0.0, 0.0, 0.0, 0.0, 0.0, 0.0, 0.0, 0.0, 9.1, 0.0, 0.0, 0.0, 0.0, 0.0, 0.0, 0.0, 0.0, 0.0, 0.0, 0.0, 10.0, 0.0, 0.0, 0.0, 0.0, 90.0]",89,4.7216796875,256,32,24,Intel(R) Xeon(R) Gold 6226R CPU,NVIDIA RTX A5000,2900.0,2100,5,/home/user/Desktop/CODE/Adit/test-clean/LibriSpeech/test-clean/8463/294828/8463-294828-0010.flac,8.34
1.0,448x640,38.7,1,dd,detect.py,16.503005981445312,1334.7734375,"[0.0, 0.0, 0.0, 0.0, 0.0, 0.0, 0.0, 0.0, 0.0, 0.0, 0.0, 0.0, 0.0, 0.0, 9.1, 0.0, 0.0, 9.1, 0.0, 0.0, 0.0, 0.0, 0.0, 0.0, 0.0, 0.0, 0.0, 0.0, 0.0, 0.0, 0.0, 0.0]",58,1.4619140625,256,32,24,Intel(R) Xeon(R) Gold 6226R CPU,NVIDIA RTX A5000,2900.0,2100,2,,
1.0,448x640,44.5,1,ppp,predict.py,19.711817502975464,1352.77734375,"[100.0, 0.0, 27.3, 100.0, 0.0, 100.0, 0.0, 0.0, 10.0, 0.0, 0.0, 0.0, 0.0, 0.0, 0.0, 0.0, 0.0, 0.0, 0.0, 0.0, 0.0, 0.0, 0.0, 0.0, 0.0, 0.0, 0.0, 0.0, 0.0, 0.0, 0.0, 0.0]",74,3.3251953125,256,32,24,Intel(R) Xeon(R) Gold 6226R CPU,NVIDIA RTX A5000,2900.0,2100,5,,
1.0,448x640,44.2,1,pps,predict.py,31.18077540397644,1359.7109375,"[20.0, 100.0, 0.0, 9.1, 0.0, 0.0, 0.0, 0.0, 0.0, 0.0, 0.0, 77.8, 27.3, 0.0, 0.0, 0.0, 0.0, 0.0, 0.0, 0.0, 0.0, 0.0, 9.1, 0.0, 0.0, 9.1, 9.1, 60.0, 0.0, 54.5, 11.1, 27.3]",96,6.1064453125,256,32,24,Intel(R) Xeon(R) Gold 6226R CPU,NVIDIA RTX A5000,2900.0,2100,12,,
,,390.0,1,pps,speech.py,111.2628209590912,1701.28515625,"[0.0, 0.0, 0.0, 0.0, 0.0, 0.0, 0.0, 0.0, 0.0, 63.6, 0.0, 0.0, 10.0, 0.0, 0.0, 0.0, 0.0, 0.0, 0.0, 9.1, 0.0, 9.1, 0.0, 0.0, 9.1, 0.0, 9.1, 100.0, 0.0, 0.0, 0.0, 36.4]",96,6.1064453125,256,32,24,Intel(R) Xeon(R) Gold 6226R CPU,NVIDIA RTX A5000,2900.0,2100,8,/home/user/Desktop/CODE/Adit/test-clean/LibriSpeech/test-clean/8463/294828/8463-294828-0010.flac,8.34
1.0,448x640,43.1,1,ppd,detect.py,18.99577307701111,1347.7734375,"[9.1, 0.0, 0.0, 0.0, 0.0, 0.0, 0.0, 0.0, 10.0, 22.2, 0.0, 0.0, 10.0, 0.0, 10.0, 0.0, 0.0, 9.1, 36.4, 100.0, 0.0, 0.0, 0.0, 0.0, 0.0, 0.0, 0.0, 0.0, 0.0, 0.0, 0.0, 100.0]",74,2.8466796875,256,32,24,Intel(R) Xeon(R) Gold 6226R CPU,NVIDIA RTX A5000,2900.0,2100,9,,
1.0,448x640,44.3,1,ppd,predict.py,19.314630270004272,1356.703125,"[0.0, 0.0, 0.0, 0.0, 0.0, 0.0, 0.0, 0.0, 0.0, 9.1, 0.0, 63.6, 0.0, 9.1, 0.0, 0.0, 0.0, 0.0, 0.0, 0.0, 0.0, 0.0, 0.0, 0.0, 0.0, 0.0, 0.0, 20.0, 88.9, 0.0, 0.0, 0.0]",74,2.8466796875,256,32,24,Intel(R) Xeon(R) Gold 6226R CPU,NVIDIA RTX A5000,2900.0,2100,5,,
1.0,448x640,43.8,1,psp,predict.py,29.044724464416504,1350.91015625,"[50.0, 10.0, 0.0, 44.4, 63.6, 60.0, 0.0, 70.0, 100.0, 40.0, 0.0, 0.0, 0.0, 100.0, 0.0, 72.7, 22.2, 66.7, 10.0, 72.7, 0.0, 22.2, 0.0, 0.0, 0.0, 0.0, 63.6, 40.0, 0.0, 0.0, 50.0, 0.0]",95,6.1064453125,256,32,24,Intel(R) Xeon(R) Gold 6226R CPU,NVIDIA RTX A5000,2900.0,2100,18,,
,,390.0,1,psp,speech.py,112.33965492248537,1681.875,"[0.0, 0.0, 50.0, 0.0, 0.0, 0.0, 0.0, 44.4, 0.0, 0.0, 0.0, 0.0, 0.0, 0.0, 0.0, 0.0, 0.0, 50.0, 0.0, 0.0, 9.1, 0.0, 0.0, 0.0, 0.0, 0.0, 0.0, 0.0, 0.0, 0.0, 0.0, 0.0]",94,6.1064453125,256,32,24,Intel(R) Xeon(R) Gold 6226R CPU,NVIDIA RTX A5000,2900.0,2100,4,/home/user/Desktop/CODE/Adit/test-clean/LibriSpeech/test-clean/8463/294828/8463-294828-0010.flac,8.34
1.0,448x640,43.1,1,pss,predict.py,44.63971638679504,1387.10546875,"[11.1, 18.2, 20.0, 0.0, 0.0, 10.0, 10.0, 20.0, 0.0, 9.1, 27.3, 0.0, 30.0, 20.0, 40.0, 11.1, 45.5, 0.0, 100.0, 0.0, 27.3, 0.0, 40.0, 100.0, 10.0, 90.0, 40.0, 100.0, 20.0, 10.0, 10.0, 20.0]",100,8.8876953125,256,32,24,Intel(R) Xeon(R) Gold 6226R CPU,NVIDIA RTX A5000,2900.0,2100,25,,
,,390.0,1,pss,speech.py,184.22803354263303,1736.56640625,"[0.0, 0.0, 0.0, 100.0, 0.0, 0.0, 9.1, 0.0, 0.0, 0.0, 88.9, 0.0, 9.1, 20.0, 0.0, 0.0, 0.0, 0.0, 0.0, 0.0, 0.0, 0.0, 0.0, 10.0, 100.0, 0.0, 0.0, 0.0, 0.0, 0.0, 0.0, 11.1]",100,8.8876953125,256,32,24,Intel(R) Xeon(R) Gold 6226R CPU,NVIDIA RTX A5000,2900.0,2100,8,/home/user/Desktop/CODE/Adit/test-clean/LibriSpeech/test-clean/8463/294828/8463-294828-0010.flac,8.34
1.0,448x640,40.5,1,psd,detect.py,28.04466390609741,1336.23046875,"[60.0, 9.1, 0.0, 10.0, 100.0, 100.0, 10.0, 100.0, 20.0, 0.0, 0.0, 70.0, 66.7, 0.0, 100.0, 0.0, 70.0, 27.3, 40.0, 10.0, 0.0, 0.0, 0.0, 50.0, 55.6, 9.1, 0.0, 0.0, 9.1, 20.0, 0.0, 20.0]",93,5.6279296875,256,32,24,Intel(R) Xeon(R) Gold 6226R CPU,NVIDIA RTX A5000,2900.0,2100,21,,
1.0,448x640,44.5,1,psd,predict.py,29.65406990051269,1354.1171875,"[0.0, 55.6, 54.5, 60.0, 0.0, 0.0, 66.7, 50.0, 36.4, 20.0, 0.0, 11.1, 55.6, 44.4, 100.0, 18.2, 0.0, 0.0, 70.0, 0.0, 9.1, 0.0, 11.1, 50.0, 0.0, 30.0, 100.0, 9.1, 0.0, 20.0, 10.0, 0.0]",93,5.6279296875,256,32,24,Intel(R) Xeon(R) Gold 6226R CPU,NVIDIA RTX A5000,2900.0,2100,21,,
,,390.0,1,psd,speech.py,111.99211096763612,1771.9140625,"[0.0, 0.0, 0.0, 0.0, 0.0, 100.0, 0.0, 0.0, 11.1, 0.0, 0.0, 0.0, 0.0, 0.0, 0.0, 0.0, 0.0, 0.0, 0.0, 0.0, 0.0, 0.0, 0.0, 0.0, 0.0, 0.0, 0.0, 0.0, 0.0, 0.0, 10.0, 0.0]",93,5.6279296875,256,32,24,Intel(R) Xeon(R) Gold 6226R CPU,NVIDIA RTX A5000,2900.0,2100,3,/home/user/Desktop/CODE/Adit/test-clean/LibriSpeech/test-clean/8463/294828/8463-294828-0010.flac,8.34
1.0,448x640,41.0,1,pdp,detect.py,18.8086621761322,1333.3984375,"[0.0, 100.0, 16.7, 0.0, 0.0, 0.0, 0.0, 100.0, 0.0, 10.0, 9.1, 0.0, 0.0, 0.0, 0.0, 80.0, 0.0, 0.0, 0.0, 0.0, 0.0, 0.0, 9.1, 0.0, 0.0, 20.0, 27.3, 9.1, 0.0, 0.0, 0.0, 0.0]",73,2.8466796875,256,32,24,Intel(R) Xeon(R) Gold 6226R CPU,NVIDIA RTX A5000,2900.0,2100,10,,
1.0,448x640,45.2,1,pdp,predict.py,19.35240411758423,1368.91015625,"[0.0, 70.0, 100.0, 0.0, 0.0, 0.0, 0.0, 30.0, 0.0, 9.1, 0.0, 0.0, 20.0, 0.0, 0.0, 0.0, 0.0, 0.0, 0.0, 0.0, 0.0, 0.0, 0.0, 0.0, 70.0, 0.0, 0.0, 0.0, 10.0, 0.0, 0.0, 0.0]",73,2.8466796875,256,32,24,Intel(R) Xeon(R) Gold 6226R CPU,NVIDIA RTX A5000,2900.0,2100,7,,
1.0,448x640,43.0,1,pds,detect.py,28.567615270614624,1331.30078125,"[20.0, 0.0, 100.0, 0.0, 0.0, 20.0, 30.0, 33.3, 0.0, 20.0, 9.1, 100.0, 27.3, 40.0, 0.0, 81.8, 0.0, 10.0, 27.3, 10.0, 0.0, 60.0, 30.0, 50.0, 0.0, 0.0, 0.0, 0.0, 9.1, 11.1, 100.0, 0.0]",94,5.6279296875,256,32,24,Intel(R) Xeon(R) Gold 6226R CPU,NVIDIA RTX A5000,2900.0,2100,20,,
1.0,448x640,61.2,1,pds,predict.py,29.68483018875122,1357.578125,"[70.0, 9.1, 30.0, 10.0, 45.5, 0.0, 0.0, 40.0, 30.0, 18.2, 9.1, 100.0, 20.0, 0.0, 0.0, 100.0, 0.0, 0.0, 10.0, 40.0, 36.4, 40.0, 0.0, 0.0, 27.3, 0.0, 41.7, 0.0, 20.0, 22.2, 60.0, 0.0]",93,5.6279296875,256,32,24,Intel(R) Xeon(R) Gold 6226R CPU,NVIDIA RTX A5000,2900.0,2100,21,,
,,390.0,1,pds,speech.py,111.08195090293884,1778.0390625,"[9.1, 9.1, 70.0, 0.0, 20.0, 9.1, 0.0, 0.0, 88.9, 30.0, 0.0, 0.0, 9.1, 0.0, 0.0, 0.0, 0.0, 0.0, 0.0, 0.0, 0.0, 9.1, 0.0, 0.0, 0.0, 0.0, 0.0, 0.0, 0.0, 0.0, 0.0, 0.0]",94,5.6279296875,256,32,24,Intel(R) Xeon(R) Gold 6226R CPU,NVIDIA RTX A5000,2900.0,2100,9,/home/user/Desktop/CODE/Adit/test-clean/LibriSpeech/test-clean/8463/294828/8463-294828-0010.flac,8.34
1.0,448x640,41.2,1,pdd,detect.py,18.30863857269287,1334.0859375,"[50.0, 70.0, 0.0, 0.0, 50.0, 0.0, 0.0, 0.0, 0.0, 0.0, 0.0, 0.0, 0.0, 0.0, 0.0, 0.0, 0.0, 0.0, 0.0, 0.0, 0.0, 0.0, 0.0, 0.0, 0.0, 0.0, 0.0, 0.0, 0.0, 100.0, 0.0, 0.0]",73,2.3681640625,256,32,24,Intel(R) Xeon(R) Gold 6226R CPU,NVIDIA RTX A5000,2900.0,2100,4,,
1.0,448x640,44.4,1,pdd,predict.py,18.720849752426147,1356.484375,"[0.0, 0.0, 0.0, 0.0, 9.1, 10.0, 0.0, 0.0, 0.0, 0.0, 0.0, 0.0, 0.0, 0.0, 0.0, 90.0, 0.0, 0.0, 9.1, 0.0, 20.0, 0.0, 0.0, 0.0, 0.0, 0.0, 0.0, 0.0, 0.0, 0.0, 0.0, 0.0]",73,2.3681640625,256,32,24,Intel(R) Xeon(R) Gold 6226R CPU,NVIDIA RTX A5000,2900.0,2100,5,,
1.0,448x640,43.4,1,spp,predict.py,28.97342658042908,1362.2890625,"[20.0, 72.7, 9.1, 10.0, 11.1, 0.0, 36.4, 9.1, 0.0, 100.0, 22.2, 40.0, 10.0, 100.0, 36.4, 0.0, 10.0, 0.0, 0.0, 36.4, 18.2, 18.2, 30.0, 30.0, 0.0, 0.0, 10.0, 0.0, 0.0, 9.1, 0.0, 0.0]",99,6.1064453125,256,32,24,Intel(R) Xeon(R) Gold 6226R CPU,NVIDIA RTX A5000,2900.0,2100,21,,
,,390.0,1,spp,speech.py,112.41529870033264,1682.703125,"[0.0, 0.0, 0.0, 0.0, 100.0, 0.0, 0.0, 100.0, 0.0, 0.0, 0.0, 0.0, 0.0, 0.0, 0.0, 0.0, 0.0, 0.0, 0.0, 0.0, 0.0, 0.0, 0.0, 0.0, 0.0, 0.0, 0.0, 0.0, 0.0, 0.0, 0.0, 0.0]",96,6.1064453125,256,32,24,Intel(R) Xeon(R) Gold 6226R CPU,NVIDIA RTX A5000,2900.0,2100,2,/home/user/Desktop/CODE/Adit/test-clean/LibriSpeech/test-clean/8463/294828/8463-294828-0010.flac,8.34
1.0,448x640,45.6,1,sps,predict.py,48.61373257637024,1375.53125,"[20.0, 60.0, 0.0, 10.0, 0.0, 10.0, 0.0, 9.1, 100.0, 10.0, 0.0, 10.0, 0.0, 22.2, 10.0, 0.0, 18.2, 44.4, 0.0, 0.0, 100.0, 40.0, 50.0, 11.1, 0.0, 90.0, 0.0, 60.0, 60.0, 40.0, 30.0, 40.0]",100,8.8876953125,256,32,24,Intel(R) Xeon(R) Gold 6226R CPU,NVIDIA RTX A5000,2900.0,2100,22,,
,,390.0,1,sps,speech.py,182.6097776889801,1776.375,"[90.0, 100.0, 10.0, 0.0, 40.0, 0.0, 90.0, 0.0, 0.0, 90.0, 40.0, 0.0, 0.0, 9.1, 0.0, 40.0, 0.0, 0.0, 45.5, 27.3, 9.1, 10.0, 0.0, 40.0, 30.0, 0.0, 0.0, 0.0, 40.0, 0.0, 0.0, 0.0]",100,8.8876953125,256,32,24,Intel(R) Xeon(R) Gold 6226R CPU,NVIDIA RTX A5000,2900.0,2100,16,/home/user/Desktop/CODE/Adit/test-clean/LibriSpeech/test-clean/8463/294828/8463-294828-0010.flac,8.34
1.0,448x640,40.8,1,spd,detect.py,27.32162380218506,1340.75,"[10.0, 100.0, 40.0, 0.0, 10.0, 9.1, 90.0, 100.0, 10.0, 20.0, 20.0, 0.0, 0.0, 0.0, 33.3, 0.0, 50.0, 50.0, 0.0, 11.1, 90.0, 9.1, 100.0, 20.0, 10.0, 9.1, 70.0, 0.0, 70.0, 100.0, 0.0, 72.7]",95,5.6279296875,256,32,24,Intel(R) Xeon(R) Gold 6226R CPU,NVIDIA RTX A5000,2900.0,2100,24,,
1.0,448x640,44.3,1,spd,predict.py,28.734662294387817,1355.97265625,"[100.0, 0.0, 60.0, 0.0, 40.0, 100.0, 18.2, 20.0, 10.0, 44.4, 44.4, 45.5, 0.0, 0.0, 63.6, 60.0, 0.0, 27.3, 33.3, 0.0, 0.0, 0.0, 0.0, 100.0, 22.2, 0.0, 40.0, 0.0, 60.0, 0.0, 0.0, 10.0]",95,5.6279296875,256,32,24,Intel(R) Xeon(R) Gold 6226R CPU,NVIDIA RTX A5000,2900.0,2100,19,,
,,390.0,1,spd,speech.py,112.05002117156982,1461.7265625,"[0.0, 0.0, 10.0, 100.0, 0.0, 0.0, 0.0, 0.0, 0.0, 9.1, 0.0, 0.0, 0.0, 0.0, 9.1, 0.0, 0.0, 0.0, 0.0, 0.0, 0.0, 0.0, 0.0, 9.1, 0.0, 0.0, 0.0, 0.0, 0.0, 0.0, 0.0, 0.0]",95,5.6279296875,256,32,24,Intel(R) Xeon(R) Gold 6226R CPU,NVIDIA RTX A5000,2900.0,2100,5,/home/user/Desktop/CODE/Adit/test-clean/LibriSpeech/test-clean/8463/294828/8463-294828-0010.flac,8.34
1.0,448x640,42.5,1,ssp,predict.py,41.288591384887695,1355.09765625,"[20.0, 10.0, 0.0, 100.0, 30.0, 40.0, 100.0, 10.0, 0.0, 0.0, 40.0, 70.0, 11.1, 10.0, 11.1, 0.0, 20.0, 44.4, 44.4, 0.0, 0.0, 0.0, 0.0, 40.0, 9.1, 0.0, 0.0, 20.0, 90.9, 20.0, 20.0, 0.0]",100,8.8876953125,256,32,24,Intel(R) Xeon(R) Gold 6226R CPU,NVIDIA RTX A5000,2900.0,2100,21,,
,,390.0,1,ssp,speech.py,184.30605840682983,2382.02734375,"[20.0, 72.7, 9.1, 20.0, 20.0, 0.0, 100.0, 16.7, 20.0, 0.0, 10.0, 0.0, 10.0, 20.0, 20.0, 10.0, 9.1, 90.9, 10.0, 60.0, 20.0, 100.0, 0.0, 0.0, 20.0, 10.0, 0.0, 20.0, 0.0, 20.0, 0.0, 0.0]",100,8.8876953125,256,32,24,Intel(R) Xeon(R) Gold 6226R CPU,NVIDIA RTX A5000,2900.0,2100,23,/home/user/Desktop/CODE/Adit/test-clean/LibriSpeech/test-clean/8463/294828/8463-294828-0010.flac,8.34
,,390.0,1,sss,speech.py,262.6185784339905,1682.0703125,"[33.3, 0.0, 20.0, 0.0, 0.0, 0.0, 0.0, 20.0, 20.0, 0.0, 0.0, 0.0, 0.0, 0.0, 0.0, 100.0, 0.0, 0.0, 0.0, 60.0, 100.0, 20.0, 0.0, 10.0, 100.0, 0.0, 16.7, 0.0, 100.0, 0.0, 0.0, 0.0]",100,11.6689453125,256,32,24,Intel(R) Xeon(R) Gold 6226R CPU,NVIDIA RTX A5000,2900.0,2100,12,/home/user/Desktop/CODE/Adit/test-clean/LibriSpeech/test-clean/8463/294828/8463-294828-0010.flac,8.34
1.0,448x640,40.7,1,ssd,detect.py,43.5826416015625,1343.30078125,"[80.0, 30.0, 100.0, 0.0, 20.0, 80.0, 0.0, 100.0, 10.0, 30.0, 0.0, 100.0, 63.6, 9.1, 27.3, 70.0, 0.0, 0.0, 80.0, 0.0, 90.0, 22.2, 10.0, 60.0, 20.0, 0.0, 0.0, 0.0, 60.0, 0.0, 0.0, 0.0]",100,8.4091796875,256,32,24,Intel(R) Xeon(R) Gold 6226R CPU,NVIDIA RTX A5000,2900.0,2100,20,,
,,390.0,1,ssd,speech.py,182.1173570156097,1623.3671875,"[11.1, 60.0, 20.0, 70.0, 0.0, 0.0, 0.0, 16.7, 63.6, 0.0, 60.0, 0.0, 50.0, 100.0, 10.0, 9.1, 0.0, 0.0, 80.0, 33.3, 0.0, 55.6, 0.0, 33.3, 36.4, 100.0, 100.0, 20.0, 66.7, 0.0, 10.0, 11.1]",100,8.4091796875,256,32,24,Intel(R) Xeon(R) Gold 6226R CPU,NVIDIA RTX A5000,2900.0,2100,22,/home/user/Desktop/CODE/Adit/test-clean/LibriSpeech/test-clean/8463/294828/8463-294828-0010.flac,8.34
1.0,448x640,39.6,1,sdp,detect.py,27.07761549949646,1349.8828125,"[10.0, 0.0, 60.0, 100.0, 0.0, 100.0, 0.0, 9.1, 0.0, 30.0, 0.0, 9.1, 0.0, 0.0, 0.0, 0.0, 0.0, 0.0, 60.0, 0.0, 0.0, 0.0, 0.0, 16.7, 0.0, 30.0, 0.0, 0.0, 9.1, 100.0, 18.2, 30.0]",94,5.6279296875,256,32,24,Intel(R) Xeon(R) Gold 6226R CPU,NVIDIA RTX A5000,2900.0,2100,14,,
1.0,448x640,44.3,1,sdp,predict.py,28.523446083068848,1359.7890625,"[80.0, 0.0, 36.4, 30.0, 20.0, 50.0, 60.0, 0.0, 11.1, 100.0, 72.7, 0.0, 0.0, 9.1, 54.5, 0.0, 0.0, 100.0, 0.0, 77.8, 10.0, 9.1, 45.5, 36.4, 0.0, 33.3, 0.0, 36.4, 10.0, 70.0, 60.0, 0.0]",94,5.6279296875,256,32,24,Intel(R) Xeon(R) Gold 6226R CPU,NVIDIA RTX A5000,2900.0,2100,22,,
,,390.0,1,sdp,speech.py,112.2573425769806,1512.81640625,"[0.0, 0.0, 0.0, 0.0, 50.0, 0.0, 0.0, 0.0, 0.0, 0.0, 0.0, 0.0, 0.0, 0.0, 0.0, 0.0, 0.0, 0.0, 0.0, 0.0, 40.0, 0.0, 9.1, 0.0, 0.0, 0.0, 0.0, 0.0, 0.0, 0.0, 0.0, 0.0]",94,5.6279296875,256,32,24,Intel(R) Xeon(R) Gold 6226R CPU,NVIDIA RTX A5000,2900.0,2100,3,/home/user/Desktop/CODE/Adit/test-clean/LibriSpeech/test-clean/8463/294828/8463-294828-0010.flac,8.34
1.0,448x640,43.7,1,sds,detect.py,45.06252574920654,1343.09375,"[54.5, 50.0, 10.0, 100.0, 9.1, 40.0, 60.0, 10.0, 63.6, 10.0, 100.0, 27.3, 100.0, 70.0, 0.0, 9.1, 9.1, 20.0, 0.0, 0.0, 0.0, 12.5, 30.0, 80.0, 0.0, 20.0, 0.0, 9.1, 0.0, 70.0, 54.5, 9.1]",100,8.4091796875,256,32,24,Intel(R) Xeon(R) Gold 6226R CPU,NVIDIA RTX A5000,2900.0,2100,25,,
,,390.0,1,sds,speech.py,182.8562340736389,1762.67578125,"[0.0, 0.0, 0.0, 100.0, 0.0, 0.0, 0.0, 0.0, 0.0, 100.0, 0.0, 0.0, 0.0, 0.0, 0.0, 0.0, 0.0, 0.0, 100.0, 0.0, 0.0, 0.0, 0.0, 0.0, 0.0, 0.0, 0.0, 100.0, 0.0, 0.0, 10.0, 0.0]",100,8.4091796875,256,32,24,Intel(R) Xeon(R) Gold 6226R CPU,NVIDIA RTX A5000,2900.0,2100,5,/home/user/Desktop/CODE/Adit/test-clean/LibriSpeech/test-clean/8463/294828/8463-294828-0010.flac,8.34
1.0,448x640,39.9,1,sdd,detect.py,26.45996284484864,1363.4609375,"[0.0, 9.1, 20.0, 36.4, 100.0, 100.0, 100.0, 22.2, 27.3, 10.0, 0.0, 9.1, 30.0, 0.0, 0.0, 100.0, 0.0, 0.0, 0.0, 0.0, 30.0, 0.0, 0.0, 0.0, 30.0, 50.0, 20.0, 16.7, 0.0, 10.0, 0.0, 20.0]",97,5.1494140625,256,32,24,Intel(R) Xeon(R) Gold 6226R CPU,NVIDIA RTX A5000,2900.0,2100,19,,
,,390.0,1,sdd,speech.py,111.83815813064577,1679.28125,"[36.4, 33.3, 22.2, 10.0, 0.0, 50.0, 0.0, 40.0, 0.0, 0.0, 0.0, 20.0, 27.3, 0.0, 27.3, 20.0, 10.0, 9.1, 0.0, 0.0, 0.0, 20.0, 0.0, 0.0, 0.0, 9.1, 27.3, 100.0, 0.0, 50.0, 50.0, 10.0]",97,5.1494140625,256,32,24,Intel(R) Xeon(R) Gold 6226R CPU,NVIDIA RTX A5000,2900.0,2100,19,/home/user/Desktop/CODE/Adit/test-clean/LibriSpeech/test-clean/8463/294828/8463-294828-0010.flac,8.34
1.0,448x640,40.0,1,dpp,detect.py,18.82063794136048,1334.1796875,"[0.0, 70.0, 0.0, 0.0, 100.0, 36.4, 0.0, 33.3, 0.0, 0.0, 0.0, 0.0, 0.0, 0.0, 20.0, 9.1, 0.0, 20.0, 9.1, 9.1, 0.0, 9.1, 0.0, 0.0, 10.0, 0.0, 0.0, 0.0, 0.0, 0.0, 0.0, 0.0]",75,2.8466796875,256,32,24,Intel(R) Xeon(R) Gold 6226R CPU,NVIDIA RTX A5000,2900.0,2100,11,,
1.0,448x640,43.3,1,dpp,predict.py,19.058802604675293,1368.16796875,"[0.0, 100.0, 0.0, 8.3, 63.6, 0.0, 0.0, 0.0, 0.0, 0.0, 0.0, 0.0, 0.0, 36.4, 0.0, 33.3, 33.3, 0.0, 0.0, 0.0, 0.0, 0.0, 0.0, 0.0, 10.0, 0.0, 0.0, 0.0, 0.0, 27.3, 0.0, 0.0]",75,2.8466796875,256,32,24,Intel(R) Xeon(R) Gold 6226R CPU,NVIDIA RTX A5000,2900.0,2100,8,,
1.0,448x640,42.5,1,dps,detect.py,28.398033142089844,1340.6953125,"[45.5, 0.0, 0.0, 63.6, 55.6, 45.5, 0.0, 100.0, 100.0, 0.0, 50.0, 40.0, 9.1, 90.0, 0.0, 100.0, 0.0, 90.0, 10.0, 0.0, 50.0, 0.0, 40.0, 88.9, 0.0, 0.0, 55.6, 18.2, 10.0, 9.1, 90.0, 0.0]",98,5.6279296875,256,32,24,Intel(R) Xeon(R) Gold 6226R CPU,NVIDIA RTX A5000,2900.0,2100,21,,
1.0,448x640,47.1,1,dps,predict.py,29.59707975387573,1357.00390625,"[11.1, 0.0, 0.0, 0.0, 100.0, 9.1, 0.0, 0.0, 0.0, 70.0, 40.0, 0.0, 9.1, 30.0, 0.0, 0.0, 80.0, 9.1, 0.0, 10.0, 9.1, 9.1, 0.0, 30.0, 9.1, 0.0, 10.0, 0.0, 0.0, 0.0, 30.0, 90.0]",93,5.6279296875,256,32,24,Intel(R) Xeon(R) Gold 6226R CPU,NVIDIA RTX A5000,2900.0,2100,17,,
,,390.0,1,dps,speech.py,111.46442294120789,1758.99609375,"[18.2, 10.0, 18.2, 27.3, 60.0, 0.0, 30.0, 60.0, 0.0, 10.0, 10.0, 0.0, 9.1, 10.0, 0.0, 9.1, 0.0, 36.4, 11.1, 10.0, 27.3, 0.0, 0.0, 20.0, 0.0, 0.0, 0.0, 55.6, 0.0, 20.0, 0.0, 0.0]",98,5.6279296875,256,32,24,Intel(R) Xeon(R) Gold 6226R CPU,NVIDIA RTX A5000,2900.0,2100,19,/home/user/Desktop/CODE/Adit/test-clean/LibriSpeech/test-clean/8463/294828/8463-294828-0010.flac,8.34
1.0,448x640,41.4,1,dpd,detect.py,18.45246410369873,1336.125,"[0.0, 10.0, 0.0, 0.0, 0.0, 0.0, 0.0, 100.0, 0.0, 0.0, 0.0, 0.0, 0.0, 0.0, 0.0, 0.0, 0.0, 0.0, 0.0, 0.0, 0.0, 0.0, 88.9, 0.0, 0.0, 0.0, 20.0, 0.0, 27.3, 0.0, 0.0, 0.0]",73,2.3681640625,256,32,24,Intel(R) Xeon(R) Gold 6226R CPU,NVIDIA RTX A5000,2900.0,2100,5,,
1.0,448x640,44.7,1,dpd,predict.py,18.70573806762696,1360.11328125,"[0.0, 0.0, 0.0, 0.0, 0.0, 9.1, 0.0, 0.0, 0.0, 0.0, 0.0, 0.0, 20.0, 0.0, 0.0, 22.2, 0.0, 18.2, 0.0, 0.0, 0.0, 0.0, 0.0, 0.0, 0.0, 0.0, 0.0, 0.0, 0.0, 0.0, 81.8, 80.0]",73,2.3681640625,256,32,24,Intel(R) Xeon(R) Gold 6226R CPU,NVIDIA RTX A5000,2900.0,2100,6,,
1.0,448x640,42.1,1,dsp,detect.py,28.79767251014709,1332.31640625,"[10.0, 0.0, 0.0, 0.0, 9.1, 100.0, 100.0, 18.2, 100.0, 9.1, 100.0, 10.0, 0.0, 9.1, 9.1, 0.0, 0.0, 0.0, 0.0, 0.0, 45.5, 9.1, 0.0, 0.0, 0.0, 0.0, 0.0, 0.0, 10.0, 10.0, 10.0, 10.0]",96,5.6279296875,256,32,24,Intel(R) Xeon(R) Gold 6226R CPU,NVIDIA RTX A5000,2900.0,2100,17,,
1.0,448x640,45.9,1,dsp,predict.py,30.25497984886169,1383.296875,"[20.0, 10.0, 9.1, 0.0, 100.0, 20.0, 100.0, 0.0, 0.0, 20.0, 100.0, 9.1, 0.0, 0.0, 0.0, 30.0, 9.1, 0.0, 9.1, 0.0, 0.0, 10.0, 0.0, 22.2, 100.0, 0.0, 0.0, 9.1, 0.0, 0.0, 0.0, 0.0]",96,5.6279296875,256,32,24,Intel(R) Xeon(R) Gold 6226R CPU,NVIDIA RTX A5000,2900.0,2100,16,,
,,390.0,1,dsp,speech.py,110.92572021484376,1680.734375,"[10.0, 66.7, 10.0, 0.0, 91.7, 30.0, 80.0, 0.0, 0.0, 0.0, 9.1, 0.0, 27.3, 0.0, 40.0, 0.0, 0.0, 0.0, 27.3, 20.0, 0.0, 20.0, 0.0, 30.0, 0.0, 11.1, 10.0, 0.0, 0.0, 27.3, 0.0, 0.0]",96,5.6279296875,256,32,24,Intel(R) Xeon(R) Gold 6226R CPU,NVIDIA RTX A5000,2900.0,2100,16,/home/user/Desktop/CODE/Adit/test-clean/LibriSpeech/test-clean/8463/294828/8463-294828-0010.flac,8.34
1.0,448x640,38.3,1,dss,detect.py,39.5111608505249,1338.5859375,"[9.1, 100.0, 30.0, 66.7, 70.0, 11.1, 0.0, 9.1, 66.7, 0.0, 100.0, 45.5, 44.4, 0.0, 80.0, 0.0, 0.0, 0.0, 36.4, 0.0, 0.0, 0.0, 70.0, 10.0, 0.0, 0.0, 0.0, 80.0, 11.1, 100.0, 16.7, 44.4]",100,8.4091796875,256,32,24,Intel(R) Xeon(R) Gold 6226R CPU,NVIDIA RTX A5000,2900.0,2100,20,,
,,390.0,1,dss,speech.py,182.6847877502441,1681.66015625,"[40.0, 0.0, 18.2, 40.0, 100.0, 30.0, 27.3, 40.0, 10.0, 20.0, 10.0, 0.0, 40.0, 70.0, 100.0, 0.0, 10.0, 40.0, 0.0, 0.0, 0.0, 0.0, 30.0, 9.1, 0.0, 33.3, 45.5, 20.0, 0.0, 20.0, 0.0, 0.0]",100,8.4091796875,256,32,24,Intel(R) Xeon(R) Gold 6226R CPU,NVIDIA RTX A5000,2900.0,2100,21,/home/user/Desktop/CODE/Adit/test-clean/LibriSpeech/test-clean/8463/294828/8463-294828-0010.flac,8.34
1.0,448x640,42.1,1,dsd,detect.py,27.50422501564026,1351.484375,"[22.2, 10.0, 10.0, 45.5, 10.0, 20.0, 0.0, 100.0, 0.0, 100.0, 0.0, 20.0, 100.0, 0.0, 100.0, 40.0, 0.0, 0.0, 36.4, 0.0, 30.0, 10.0, 10.0, 45.5, 9.1, 0.0, 0.0, 20.0, 0.0, 27.3, 0.0, 20.0]",92,5.1494140625,256,32,24,Intel(R) Xeon(R) Gold 6226R CPU,NVIDIA RTX A5000,2900.0,2100,21,,
,,390.0,1,dsd,speech.py,111.0105483531952,1776.1796875,"[0.0, 30.0, 100.0, 100.0, 60.0, 10.0, 72.7, 20.0, 40.0, 10.0, 0.0, 50.0, 10.0, 50.0, 0.0, 18.2, 33.3, 10.0, 10.0, 0.0, 10.0, 30.0, 18.2, 0.0, 10.0, 0.0, 20.0, 10.0, 10.0, 18.2, 18.2, 10.0]",96,5.1494140625,256,32,24,Intel(R) Xeon(R) Gold 6226R CPU,NVIDIA RTX A5000,2900.0,2100,26,/home/user/Desktop/CODE/Adit/test-clean/LibriSpeech/test-clean/8463/294828/8463-294828-0010.flac,8.34
1.0,448x640,41.2,1,ddp,detect.py,18.69381022453308,1360.76171875,"[0.0, 0.0, 100.0, 0.0, 0.0, 0.0, 0.0, 0.0, 10.0, 0.0, 77.8, 0.0, 0.0, 0.0, 63.6, 0.0, 0.0, 0.0, 0.0, 0.0, 0.0, 0.0, 0.0, 0.0, 0.0, 0.0, 0.0, 0.0, 0.0, 9.1, 0.0, 0.0]",71,2.3681640625,256,32,24,Intel(R) Xeon(R) Gold 6226R CPU,NVIDIA RTX A5000,2900.0,2100,5,,
1.0,448x640,44.9,1,ddp,predict.py,19.030343532562256,1381.30078125,"[0.0, 0.0, 0.0, 0.0, 0.0, 0.0, 0.0, 0.0, 0.0, 0.0, 0.0, 0.0, 0.0, 0.0, 0.0, 20.0, 9.1, 0.0, 0.0, 0.0, 0.0, 0.0, 9.1, 0.0, 0.0, 0.0, 100.0, 0.0, 0.0, 10.0, 10.0, 0.0]",71,2.3681640625,256,32,24,Intel(R) Xeon(R) Gold 6226R CPU,NVIDIA RTX A5000,2900.0,2100,6,,
1.0,448x640,40.0,1,dds,detect.py,27.251192569732662,1338.28515625,"[27.3, 50.0, 20.0, 50.0, 100.0, 0.0, 0.0, 44.4, 0.0, 100.0, 20.0, 0.0, 0.0, 0.0, 0.0, 0.0, 0.0, 0.0, 0.0, 10.0, 54.5, 10.0, 9.1, 0.0, 0.0, 0.0, 22.2, 0.0, 0.0, 0.0, 0.0, 0.0]",97,5.1494140625,256,32,24,Intel(R) Xeon(R) Gold 6226R CPU,NVIDIA RTX A5000,2900.0,2100,13,,
,,390.0,1,dds,speech.py,110.74814772605896,1681.61328125,"[0.0, 0.0, 18.2, 10.0, 100.0, 10.0, 0.0, 0.0, 0.0, 0.0, 100.0, 0.0, 0.0, 11.1, 0.0, 0.0, 40.0, 0.0, 0.0, 0.0, 10.0, 9.1, 9.1, 10.0, 0.0, 10.0, 0.0, 66.7, 0.0, 0.0, 0.0, 0.0]",95,5.1494140625,256,32,24,Intel(R) Xeon(R) Gold 6226R CPU,NVIDIA RTX A5000,2900.0,2100,13,/home/user/Desktop/CODE/Adit/test-clean/LibriSpeech/test-clean/8463/294828/8463-294828-0010.flac,8.34
1.0,448x640,40.2,1,ddd,detect.py,17.983448028564453,1333.703125,"[0.0, 0.0, 80.0, 0.0, 0.0, 0.0, 20.0, 0.0, 0.0, 0.0, 9.1, 0.0, 0.0, 0.0, 0.0, 0.0, 0.0, 0.0, 0.0, 0.0, 0.0, 0.0, 0.0, 10.0, 0.0, 0.0, 0.0, 0.0, 0.0, 0.0, 0.0, 90.0]",67,1.8896484375,256,32,24,Intel(R) Xeon(R) Gold 6226R CPU,NVIDIA RTX A5000,2900.0,2100,5,,
1.0,448x640,43.9,1,pppp,predict.py,23.72736239433289,1358.06640625,"[0.0, 0.0, 0.0, 0.0, 90.0, 0.0, 0.0, 100.0, 0.0, 0.0, 18.2, 0.0, 0.0, 9.1, 90.9, 9.1, 10.0, 0.0, 90.0, 10.0, 0.0, 0.0, 0.0, 0.0, 0.0, 0.0, 0.0, 9.1, 0.0, 0.0, 0.0, 0.0]",77,4.232421875,256,32,24,Intel(R) Xeon(R) Gold 6226R CPU,NVIDIA RTX A5000,2900.0,2100,10,,
1.0,448x640,44.5,1,ppps,predict.py,34.47491097450256,1360.515625,"[60.0, 88.9, 0.0, 27.3, 10.0, 100.0, 27.3, 0.0, 54.5, 0.0, 100.0, 18.2, 30.0, 90.9, 50.0, 0.0, 0.0, 0.0, 90.0, 60.0, 0.0, 22.2, 100.0, 0.0, 44.4, 0.0, 0.0, 9.1, 54.5, 81.8, 10.0, 0.0]",97,7.013671875,256,32,24,Intel(R) Xeon(R) Gold 6226R CPU,NVIDIA RTX A5000,2900.0,2100,21,,
,,390.0,1,ppps,speech.py,114.4303765296936,1683.05078125,"[10.0, 20.0, 100.0, 0.0, 20.0, 0.0, 9.1, 0.0, 10.0, 10.0, 0.0, 0.0, 10.0, 20.0, 0.0, 0.0, 54.5, 20.0, 25.0, 10.0, 100.0, 10.0, 0.0, 10.0, 0.0, 0.0, 0.0, 0.0, 9.1, 20.0, 50.0, 18.2]",97,7.013671875,256,32,24,Intel(R) Xeon(R) Gold 6226R CPU,NVIDIA RTX A5000,2900.0,2100,20,/home/user/Desktop/CODE/Adit/test-clean/LibriSpeech/test-clean/8463/294828/8463-294828-0010.flac,8.34
1.0,448x640,40.5,1,pppd,detect.py,21.382803916931152,1334.0703125,"[0.0, 0.0, 0.0, 0.0, 100.0, 0.0, 0.0, 0.0, 16.7, 0.0, 9.1, 0.0, 100.0, 0.0, 0.0, 0.0, 0.0, 0.0, 0.0, 0.0, 0.0, 0.0, 0.0, 0.0, 0.0, 100.0, 0.0, 100.0, 0.0, 0.0, 0.0, 0.0]",82,3.75390625,256,32,24,Intel(R) Xeon(R) Gold 6226R CPU,NVIDIA RTX A5000,2900.0,2100,6,,
1.0,448x640,45.2,1,pppd,predict.py,21.609399795532227,1357.0625,"[0.0, 10.0, 0.0, 0.0, 100.0, 40.0, 10.0, 0.0, 10.0, 0.0, 0.0, 0.0, 54.5, 0.0, 0.0, 90.0, 0.0, 0.0, 0.0, 0.0, 0.0, 0.0, 0.0, 0.0, 0.0, 100.0, 0.0, 0.0, 0.0, 0.0, 0.0, 0.0]",82,3.75390625,256,32,24,Intel(R) Xeon(R) Gold 6226R CPU,NVIDIA RTX A5000,2900.0,2100,8,,
1.0,448x640,44.5,1,ppsp,predict.py,33.37337589263916,1355.0234375,"[100.0, 100.0, 100.0, 22.2, 0.0, 100.0, 44.4, 0.0, 0.0, 10.0, 9.1, 20.0, 55.6, 10.0, 22.2, 0.0, 0.0, 0.0, 0.0, 0.0, 10.0, 0.0, 50.0, 0.0, 30.0, 0.0, 0.0, 18.2, 0.0, 30.0, 0.0, 0.0]",100,7.013671875,256,32,24,Intel(R) Xeon(R) Gold 6226R CPU,NVIDIA RTX A5000,2900.0,2100,17,,
,,390.0,1,ppsp,speech.py,114.16114091873168,1736.97265625,"[0.0, 0.0, 100.0, 100.0, 0.0, 0.0, 0.0, 0.0, 0.0, 9.1, 0.0, 0.0, 0.0, 0.0, 0.0, 0.0, 0.0, 0.0, 0.0, 0.0, 0.0, 0.0, 100.0, 0.0, 0.0, 0.0, 0.0, 0.0, 0.0, 0.0, 0.0, 9.1]",98,7.013671875,256,32,24,Intel(R) Xeon(R) Gold 6226R CPU,NVIDIA RTX A5000,2900.0,2100,5,/home/user/Desktop/CODE/Adit/test-clean/LibriSpeech/test-clean/8463/294828/8463-294828-0010.flac,8.34
1.0,448x640,45.0,1,ppss,predict.py,54.93620872497559,1357.21484375,"[63.6, 11.1, 0.0, 45.5, 40.0, 66.7, 80.0, 70.0, 100.0, 0.0, 80.0, 63.6, 18.2, 36.4, 50.0, 20.0, 20.0, 30.0, 50.0, 18.2, 36.4, 0.0, 30.0, 0.0, 0.0, 9.1, 63.6, 55.6, 30.0, 0.0, 10.0, 30.0]",100,9.794921875,256,32,24,Intel(R) Xeon(R) Gold 6226R CPU,NVIDIA RTX A5000,2900.0,2100,26,,
,,390.0,1,ppss,speech.py,185.18451523780823,1680.86328125,"[9.1, 0.0, 100.0, 20.0, 20.0, 0.0, 100.0, 100.0, 10.0, 0.0, 100.0, 0.0, 9.1, 0.0, 0.0, 0.0, 0.0, 20.0, 20.0, 0.0, 0.0, 0.0, 0.0, 0.0, 0.0, 0.0, 0.0, 0.0, 0.0, 0.0, 9.1, 0.0]",100,9.794921875,256,32,24,Intel(R) Xeon(R) Gold 6226R CPU,NVIDIA RTX A5000,2900.0,2100,12,/home/user/Desktop/CODE/Adit/test-clean/LibriSpeech/test-clean/8463/294828/8463-294828-0010.flac,8.34
1.0,448x640,41.3,1,ppsd,detect.py,30.50089168548584,1336.89453125,"[100.0, 100.0, 9.1, 9.1, 0.0, 0.0, 30.0, 10.0, 100.0, 30.0, 0.0, 0.0, 0.0, 0.0, 10.0, 0.0, 0.0, 0.0, 0.0, 0.0, 27.3, 100.0, 0.0, 0.0, 0.0, 0.0, 0.0, 10.0, 0.0, 20.0, 0.0, 10.0]",97,6.53515625,256,32,24,Intel(R) Xeon(R) Gold 6226R CPU,NVIDIA RTX A5000,2900.0,2100,14,,
1.0,448x640,44.7,1,ppsd,predict.py,31.90955877304077,1359.3359375,"[0.0, 0.0, 30.0, 30.0, 0.0, 100.0, 40.0, 20.0, 100.0, 0.0, 0.0, 20.0, 10.0, 36.4, 20.0, 30.0, 0.0, 0.0, 10.0, 10.0, 0.0, 0.0, 11.1, 0.0, 0.0, 20.0, 40.0, 9.1, 0.0, 10.0, 0.0, 10.0]",97,6.53515625,256,32,24,Intel(R) Xeon(R) Gold 6226R CPU,NVIDIA RTX A5000,2900.0,2100,19,,
,,390.0,1,ppsd,speech.py,114.3359055519104,1656.4296875,"[18.2, 0.0, 9.1, 100.0, 0.0, 50.0, 60.0, 10.0, 54.5, 10.0, 60.0, 0.0, 60.0, 0.0, 60.0, 60.0, 9.1, 33.3, 90.9, 60.0, 30.0, 9.1, 0.0, 54.5, 0.0, 0.0, 0.0, 10.0, 70.0, 0.0, 0.0, 0.0]",97,6.53515625,256,32,24,Intel(R) Xeon(R) Gold 6226R CPU,NVIDIA RTX A5000,2900.0,2100,21,/home/user/Desktop/CODE/Adit/test-clean/LibriSpeech/test-clean/8463/294828/8463-294828-0010.flac,8.34
1.0,448x640,40.5,1,ppdp,detect.py,21.3669114112854,1352.52734375,"[0.0, 9.1, 100.0, 0.0, 10.0, 0.0, 0.0, 0.0, 100.0, 0.0, 20.0, 0.0, 100.0, 0.0, 0.0, 88.9, 0.0, 0.0, 0.0, 0.0, 18.2, 0.0, 0.0, 0.0, 0.0, 0.0, 0.0, 0.0, 0.0, 10.0, 0.0, 0.0]",83,3.75390625,256,32,24,Intel(R) Xeon(R) Gold 6226R CPU,NVIDIA RTX A5000,2900.0,2100,9,,
1.0,448x640,45.3,1,ppdp,predict.py,21.72224235534668,1353.67578125,"[0.0, 0.0, 100.0, 9.1, 0.0, 0.0, 0.0, 0.0, 77.8, 20.0, 0.0, 0.0, 100.0, 0.0, 0.0, 0.0, 9.1, 100.0, 0.0, 0.0, 20.0, 30.0, 0.0, 0.0, 0.0, 0.0, 0.0, 0.0, 0.0, 0.0, 0.0, 0.0]",83,3.75390625,256,32,24,Intel(R) Xeon(R) Gold 6226R CPU,NVIDIA RTX A5000,2900.0,2100,9,,
1.0,448x640,40.9,1,ppds,detect.py,31.188937425613403,1332.7421875,"[0.0, 100.0, 100.0, 55.6, 10.0, 18.2, 100.0, 0.0, 100.0, 0.0, 100.0, 20.0, 50.0, 60.0, 30.0, 30.0, 0.0, 0.0, 0.0, 0.0, 0.0, 18.2, 0.0, 0.0, 0.0, 50.0, 9.1, 0.0, 0.0, 0.0, 0.0, 30.0]",99,6.53515625,256,32,24,Intel(R) Xeon(R) Gold 6226R CPU,NVIDIA RTX A5000,2900.0,2100,17,,
1.0,448x640,46.1,1,ppds,predict.py,31.76849937438965,1355.9765625,"[0.0, 100.0, 100.0, 0.0, 36.4, 22.2, 9.1, 100.0, 33.3, 30.0, 30.0, 0.0, 50.0, 33.3, 72.7, 50.0, 54.5, 0.0, 9.1, 22.2, 9.1, 10.0, 50.0, 0.0, 0.0, 30.0, 10.0, 0.0, 20.0, 100.0, 0.0, 54.5]",99,6.53515625,256,32,24,Intel(R) Xeon(R) Gold 6226R CPU,NVIDIA RTX A5000,2900.0,2100,24,,
,,390.0,1,ppds,speech.py,114.19679403305054,1681.93359375,"[0.0, 0.0, 90.0, 22.2, 0.0, 10.0, 10.0, 11.1, 10.0, 63.6, 0.0, 9.1, 25.0, 0.0, 30.0, 10.0, 0.0, 0.0, 0.0, 0.0, 0.0, 0.0, 9.1, 0.0, 0.0, 0.0, 0.0, 9.1, 0.0, 9.1, 40.0, 0.0]",99,6.53515625,256,32,24,Intel(R) Xeon(R) Gold 6226R CPU,NVIDIA RTX A5000,2900.0,2100,15,/home/user/Desktop/CODE/Adit/test-clean/LibriSpeech/test-clean/8463/294828/8463-294828-0010.flac,8.34
1.0,448x640,40.1,1,ppdd,detect.py,21.171247959136963,1354.58984375,"[100.0, 30.0, 0.0, 0.0, 70.0, 0.0, 0.0, 0.0, 0.0, 0.0, 9.1, 9.1, 0.0, 0.0, 80.0, 0.0, 0.0, 30.0, 0.0, 0.0, 0.0, 0.0, 0.0, 0.0, 0.0, 0.0, 0.0, 0.0, 0.0, 0.0, 0.0, 100.0]",81,3.275390625,256,32,24,Intel(R) Xeon(R) Gold 6226R CPU,NVIDIA RTX A5000,2900.0,2100,8,,
1.0,448x640,45.1,1,ppdd,predict.py,21.59412002563477,1361.0625,"[0.0, 0.0, 90.0, 9.1, 0.0, 0.0, 0.0, 0.0, 0.0, 81.8, 0.0, 0.0, 0.0, 9.1, 0.0, 0.0, 9.1, 0.0, 0.0, 0.0, 0.0, 0.0, 0.0, 0.0, 100.0, 0.0, 0.0, 0.0, 0.0, 0.0, 0.0, 10.0]",83,3.275390625,256,32,24,Intel(R) Xeon(R) Gold 6226R CPU,NVIDIA RTX A5000,2900.0,2100,7,,
1.0,448x640,46.8,1,pspp,predict.py,34.72431659698486,1361.78515625,"[100.0, 18.2, 0.0, 0.0, 0.0, 0.0, 0.0, 0.0, 10.0, 0.0, 100.0, 0.0, 11.1, 100.0, 18.2, 0.0, 0.0, 0.0, 0.0, 0.0, 0.0, 10.0, 80.0, 0.0, 9.1, 9.1, 0.0, 0.0, 81.8, 0.0, 0.0, 0.0]",99,7.013671875,256,32,24,Intel(R) Xeon(R) Gold 6226R CPU,NVIDIA RTX A5000,2900.0,2100,12,,
,,390.0,1,pspp,speech.py,113.8767020702362,1680.87890625,"[0.0, 0.0, 0.0, 60.0, 20.0, 0.0, 0.0, 0.0, 100.0, 20.0, 0.0, 0.0, 10.0, 0.0, 0.0, 0.0, 0.0, 0.0, 0.0, 100.0, 0.0, 0.0, 9.1, 27.3, 0.0, 0.0, 40.0, 0.0, 0.0, 0.0, 0.0, 27.3]",97,7.013671875,256,32,24,Intel(R) Xeon(R) Gold 6226R CPU,NVIDIA RTX A5000,2900.0,2100,10,/home/user/Desktop/CODE/Adit/test-clean/LibriSpeech/test-clean/8463/294828/8463-294828-0010.flac,8.34
1.0,448x640,44.0,1,psps,predict.py,49.5568950176239,1379.52734375,"[100.0, 0.0, 0.0, 11.1, 0.0, 9.1, 9.1, 100.0, 90.0, 0.0, 0.0, 0.0, 100.0, 0.0, 88.9, 0.0, 0.0, 0.0, 16.7, 0.0, 9.1, 11.1, 9.1, 0.0, 0.0, 0.0, 9.1, 0.0, 9.1, 0.0, 0.0, 9.1]",100,9.794921875,256,32,24,Intel(R) Xeon(R) Gold 6226R CPU,NVIDIA RTX A5000,2900.0,2100,15,,
,,390.0,1,psps,speech.py,186.95643258094788,1683.828125,"[20.0, 30.0, 0.0, 60.0, 9.1, 10.0, 100.0, 30.0, 100.0, 20.0, 50.0, 0.0, 0.0, 9.1, 0.0, 10.0, 30.0, 20.0, 0.0, 0.0, 9.1, 90.0, 0.0, 0.0, 50.0, 0.0, 30.0, 18.2, 0.0, 100.0, 0.0, 0.0]",100,9.794921875,256,32,24,Intel(R) Xeon(R) Gold 6226R CPU,NVIDIA RTX A5000,2900.0,2100,20,/home/user/Desktop/CODE/Adit/test-clean/LibriSpeech/test-clean/8463/294828/8463-294828-0010.flac,8.34
1.0,448x640,41.2,1,pspd,detect.py,33.16674852371216,1339.703125,"[20.0, 100.0, 20.0, 0.0, 20.0, 100.0, 0.0, 0.0, 0.0, 0.0, 0.0, 100.0, 0.0, 30.0, 27.3, 100.0, 10.0, 0.0, 10.0, 0.0, 10.0, 0.0, 36.4, 0.0, 10.0, 9.1, 18.2, 22.2, 18.2, 30.0, 9.1, 0.0]",97,6.53515625,256,32,24,Intel(R) Xeon(R) Gold 6226R CPU,NVIDIA RTX A5000,2900.0,2100,20,,
1.0,448x640,47.8,1,pspd,predict.py,34.14961218833923,1356.9609375,"[10.0, 100.0, 0.0, 27.3, 20.0, 100.0, 0.0, 0.0, 0.0, 10.0, 0.0, 100.0, 0.0, 0.0, 16.7, 20.0, 0.0, 0.0, 0.0, 33.3, 0.0, 0.0, 0.0, 9.1, 0.0, 100.0, 0.0, 0.0, 22.2, 20.0, 0.0, 9.1]",96,6.53515625,256,32,24,Intel(R) Xeon(R) Gold 6226R CPU,NVIDIA RTX A5000,2900.0,2100,15,,
,,390.0,1,pspd,speech.py,113.64701080322266,1681.578125,"[10.0, 22.2, 10.0, 100.0, 0.0, 90.0, 9.1, 18.2, 10.0, 9.1, 10.0, 60.0, 9.1, 90.0, 18.2, 20.0, 0.0, 9.1, 0.0, 9.1, 0.0, 0.0, 9.1, 18.2, 16.7, 10.0, 0.0, 10.0, 0.0, 0.0, 0.0, 0.0]",97,6.53515625,256,32,24,Intel(R) Xeon(R) Gold 6226R CPU,NVIDIA RTX A5000,2900.0,2100,22,/home/user/Desktop/CODE/Adit/test-clean/LibriSpeech/test-clean/8463/294828/8463-294828-0010.flac,8.34
1.0,448x640,57.7,1,pssp,predict.py,50.73902463912964,1356.35546875,"[0.0, 0.0, 66.7, 0.0, 36.4, 33.3, 0.0, 18.2, 0.0, 54.5, 0.0, 10.0, 11.1, 0.0, 0.0, 100.0, 0.0, 0.0, 36.4, 100.0, 0.0, 70.0, 0.0, 0.0, 0.0, 50.0, 30.0, 0.0, 18.2, 0.0, 0.0, 0.0]",100,9.794921875,256,32,24,Intel(R) Xeon(R) Gold 6226R CPU,NVIDIA RTX A5000,2900.0,2100,14,,
,,390.0,1,pssp,speech.py,186.648663520813,1681.60546875,"[18.2, 0.0, 18.2, 0.0, 22.2, 100.0, 0.0, 20.0, 100.0, 0.0, 30.0, 0.0, 20.0, 0.0, 22.2, 0.0, 0.0, 20.0, 0.0, 10.0, 0.0, 0.0, 0.0, 0.0, 0.0, 0.0, 0.0, 100.0, 0.0, 18.2, 0.0, 50.0]",100,9.794921875,256,32,24,Intel(R) Xeon(R) Gold 6226R CPU,NVIDIA RTX A5000,2900.0,2100,14,/home/user/Desktop/CODE/Adit/test-clean/LibriSpeech/test-clean/8463/294828/8463-294828-0010.flac,8.34
1.0,448x640,43.8,1,psss,predict.py,69.90539598464966,1368.1328125,"[9.1, 90.0, 100.0, 60.0, 0.0, 10.0, 55.6, 0.0, 50.0, 9.1, 0.0, 0.0, 0.0, 0.0, 22.2, 55.6, 0.0, 10.0, 0.0, 0.0, 10.0, 0.0, 20.0, 0.0, 0.0, 0.0, 100.0, 0.0, 30.0, 100.0, 0.0, 16.7]",100,12.576171875,256,32,24,Intel(R) Xeon(R) Gold 6226R CPU,NVIDIA RTX A5000,2900.0,2100,17,,
,,390.0,1,psss,speech.py,267.50099754333496,2716.7578125,"[20.0, 63.6, 100.0, 40.0, 10.0, 27.3, 90.9, 60.0, 40.0, 30.0, 33.3, 20.0, 100.0, 11.1, 36.4, 18.2, 30.0, 18.2, 60.0, 36.4, 33.3, 70.0, 33.3, 20.0, 30.0, 60.0, 90.0, 60.0, 33.3, 0.0, 40.0, 30.0]",100,12.576171875,256,32,24,Intel(R) Xeon(R) Gold 6226R CPU,NVIDIA RTX A5000,2900.0,2100,31,/home/user/Desktop/CODE/Adit/test-clean/LibriSpeech/test-clean/8463/294828/8463-294828-0010.flac,8.34
1.0,448x640,58.0,1,pssd,detect.py,46.96884059906006,1360.23046875,"[16.7, 90.0, 100.0, 27.3, 10.0, 100.0, 0.0, 20.0, 70.0, 0.0, 0.0, 70.0, 70.0, 100.0, 70.0, 0.0, 0.0, 0.0, 9.1, 0.0, 0.0, 0.0, 20.0, 0.0, 0.0, 70.0, 44.4, 0.0, 0.0, 0.0, 0.0, 70.0]",100,9.31640625,256,32,24,Intel(R) Xeon(R) Gold 6226R CPU,NVIDIA RTX A5000,2900.0,2100,17,,
1.0,448x640,47.2,1,pssd,predict.py,50.39578557014465,1360.19140625,"[9.1, 40.0, 0.0, 100.0, 0.0, 0.0, 60.0, 0.0, 0.0, 0.0, 0.0, 0.0, 0.0, 0.0, 0.0, 0.0, 0.0, 10.0, 25.0, 0.0, 0.0, 0.0, 9.1, 0.0, 0.0, 0.0, 0.0, 0.0, 0.0, 100.0, 45.5, 40.0]",100,9.31640625,256,32,24,Intel(R) Xeon(R) Gold 6226R CPU,NVIDIA RTX A5000,2900.0,2100,10,,
,,390.0,1,pssd,speech.py,184.9029333591461,1927.140625,"[0.0, 0.0, 9.1, 0.0, 100.0, 0.0, 0.0, 0.0, 0.0, 60.0, 0.0, 30.0, 100.0, 0.0, 0.0, 0.0, 0.0, 0.0, 0.0, 9.1, 9.1, 0.0, 9.1, 0.0, 0.0, 36.4, 16.7, 0.0, 0.0, 0.0, 9.1, 0.0]",100,9.31640625,256,32,24,Intel(R) Xeon(R) Gold 6226R CPU,NVIDIA RTX A5000,2900.0,2100,11,/home/user/Desktop/CODE/Adit/test-clean/LibriSpeech/test-clean/8463/294828/8463-294828-0010.flac,8.34
1.0,448x640,40.7,1,psdp,detect.py,30.46537709236145,1333.9609375,"[0.0, 0.0, 0.0, 100.0, 0.0, 0.0, 0.0, 0.0, 100.0, 0.0, 0.0, 0.0, 100.0, 0.0, 0.0, 100.0, 9.1, 0.0, 0.0, 0.0, 16.7, 9.1, 0.0, 0.0, 0.0, 9.1, 16.7, 0.0, 0.0, 0.0, 0.0, 0.0]",97,6.53515625,256,32,24,Intel(R) Xeon(R) Gold 6226R CPU,NVIDIA RTX A5000,2900.0,2100,9,,
1.0,448x640,45.2,1,psdp,predict.py,31.867656707763672,1373.34765625,"[70.0, 72.7, 0.0, 0.0, 63.6, 0.0, 100.0, 50.0, 0.0, 58.3, 11.1, 37.5, 0.0, 40.0, 30.0, 0.0, 44.4, 90.0, 9.1, 0.0, 0.0, 0.0, 0.0, 70.0, 0.0, 66.7, 0.0, 36.4, 63.6, 60.0, 10.0, 0.0]",98,6.53515625,256,32,24,Intel(R) Xeon(R) Gold 6226R CPU,NVIDIA RTX A5000,2900.0,2100,19,,
,,390.0,1,psdp,speech.py,114.51521182060242,1681.48828125,"[40.0, 100.0, 0.0, 9.1, 0.0, 44.4, 36.4, 0.0, 50.0, 0.0, 0.0, 25.0, 0.0, 0.0, 9.1, 0.0, 10.0, 0.0, 0.0, 0.0, 40.0, 54.5, 20.0, 100.0, 0.0, 45.5, 0.0, 0.0, 10.0, 30.0, 0.0, 40.0]",98,6.53515625,256,32,24,Intel(R) Xeon(R) Gold 6226R CPU,NVIDIA RTX A5000,2900.0,2100,17,/home/user/Desktop/CODE/Adit/test-clean/LibriSpeech/test-clean/8463/294828/8463-294828-0010.flac,8.34
1.0,448x640,41.8,1,psds,detect.py,49.00459909439087,1350.94921875,"[100.0, 0.0, 100.0, 0.0, 0.0, 0.0, 0.0, 0.0, 0.0, 0.0, 0.0, 0.0, 0.0, 0.0, 10.0, 0.0, 0.0, 0.0, 0.0, 100.0, 0.0, 0.0, 0.0, 0.0, 0.0, 0.0, 100.0, 0.0, 0.0, 0.0, 0.0, 0.0]",100,9.31640625,256,32,24,Intel(R) Xeon(R) Gold 6226R CPU,NVIDIA RTX A5000,2900.0,2100,5,,
1.0,448x640,47.6,1,psds,predict.py,52.897725105285645,1357.94921875,"[20.0, 0.0, 60.0, 0.0, 9.1, 30.0, 100.0, 22.2, 18.2, 22.2, 100.0, 0.0, 20.0, 0.0, 80.0, 36.4, 0.0, 9.1, 0.0, 0.0, 0.0, 0.0, 0.0, 10.0, 0.0, 0.0, 9.1, 0.0, 0.0, 0.0, 0.0, 0.0]",100,9.31640625,256,32,24,Intel(R) Xeon(R) Gold 6226R CPU,NVIDIA RTX A5000,2900.0,2100,15,,
,,390.0,1,psds,speech.py,185.7888512611389,1667.59765625,"[54.5, 10.0, 0.0, 30.0, 10.0, 10.0, 60.0, 0.0, 100.0, 100.0, 0.0, 0.0, 0.0, 0.0, 45.5, 27.3, 30.0, 0.0, 0.0, 0.0, 0.0, 27.3, 0.0, 10.0, 9.1, 0.0, 0.0, 0.0, 0.0, 0.0, 0.0, 9.1]",100,9.31640625,256,32,24,Intel(R) Xeon(R) Gold 6226R CPU,NVIDIA RTX A5000,2900.0,2100,15,/home/user/Desktop/CODE/Adit/test-clean/LibriSpeech/test-clean/8463/294828/8463-294828-0010.flac,8.34
1.0,448x640,41.3,1,psdd,detect.py,29.83207893371582,1335.66015625,"[0.0, 0.0, 20.0, 0.0, 0.0, 0.0, 0.0, 0.0, 66.7, 16.7, 9.1, 10.0, 88.9, 0.0, 10.0, 100.0, 0.0, 10.0, 18.2, 72.7, 0.0, 27.3, 0.0, 0.0, 0.0, 0.0, 0.0, 0.0, 100.0, 100.0, 0.0, 0.0]",98,6.056640625,256,32,24,Intel(R) Xeon(R) Gold 6226R CPU,NVIDIA RTX A5000,2900.0,2100,14,,
1.0,448x640,45.8,1,psdd,predict.py,30.910062551498413,1368.33203125,"[10.0, 10.0, 10.0, 9.1, 30.0, 9.1, 0.0, 9.1, 9.1, 0.0, 0.0, 10.0, 100.0, 0.0, 0.0, 100.0, 0.0, 0.0, 90.0, 0.0, 9.1, 0.0, 11.1, 18.2, 0.0, 9.1, 0.0, 0.0, 0.0, 100.0, 0.0, 0.0]",97,6.056640625,256,32,24,Intel(R) Xeon(R) Gold 6226R CPU,NVIDIA RTX A5000,2900.0,2100,17,,
,,390.0,1,psdd,speech.py,113.68346738815308,1990.1875,"[18.2, 0.0, 0.0, 18.2, 0.0, 11.1, 22.2, 0.0, 100.0, 0.0, 12.5, 20.0, 0.0, 0.0, 0.0, 0.0, 0.0, 18.2, 0.0, 0.0, 0.0, 0.0, 0.0, 0.0, 0.0, 54.5, 0.0, 54.5, 10.0, 10.0, 80.0, 20.0]",98,6.056640625,256,32,24,Intel(R) Xeon(R) Gold 6226R CPU,NVIDIA RTX A5000,2900.0,2100,14,/home/user/Desktop/CODE/Adit/test-clean/LibriSpeech/test-clean/8463/294828/8463-294828-0010.flac,8.34
1.0,448x640,39.6,1,pdpp,detect.py,21.25900363922119,1333.33984375,"[10.0, 100.0, 0.0, 100.0, 9.1, 10.0, 10.0, 20.0, 0.0, 0.0, 81.8, 0.0, 0.0, 100.0, 10.0, 0.0, 0.0, 0.0, 0.0, 0.0, 0.0, 0.0, 0.0, 22.2, 0.0, 0.0, 0.0, 0.0, 10.0, 0.0, 9.1, 0.0]",81,3.75390625,256,32,24,Intel(R) Xeon(R) Gold 6226R CPU,NVIDIA RTX A5000,2900.0,2100,13,,
1.0,448x640,44.6,1,pdpp,predict.py,21.744001388549805,1356.04296875,"[0.0, 100.0, 0.0, 100.0, 0.0, 0.0, 0.0, 100.0, 9.1, 0.0, 0.0, 0.0, 0.0, 100.0, 0.0, 0.0, 0.0, 0.0, 0.0, 0.0, 0.0, 0.0, 0.0, 0.0, 0.0, 0.0, 0.0, 0.0, 0.0, 0.0, 0.0, 0.0]",82,3.75390625,256,32,24,Intel(R) Xeon(R) Gold 6226R CPU,NVIDIA RTX A5000,2900.0,2100,5,,
1.0,448x640,41.9,1,pdps,detect.py,31.52881503105164,1335.35546875,"[0.0, 0.0, 100.0, 0.0, 100.0, 40.0, 0.0, 100.0, 9.1, 0.0, 0.0, 10.0, 0.0, 0.0, 9.1, 18.2, 18.2, 36.4, 0.0, 0.0, 0.0, 0.0, 88.9, 0.0, 30.0, 0.0, 10.0, 0.0, 0.0, 22.2, 10.0, 90.0]",100,6.53515625,256,32,24,Intel(R) Xeon(R) Gold 6226R CPU,NVIDIA RTX A5000,2900.0,2100,16,,
1.0,448x640,44.8,1,pdps,predict.py,32.84651827812195,1356.63671875,"[9.1, 66.7, 100.0, 22.2, 100.0, 20.0, 70.0, 100.0, 90.0, 90.0, 0.0, 18.2, 0.0, 10.0, 9.1, 90.0, 10.0, 0.0, 0.0, 0.0, 0.0, 11.1, 90.0, 33.3, 30.0, 30.0, 0.0, 62.5, 0.0, 0.0, 0.0, 100.0]",100,6.53515625,256,32,24,Intel(R) Xeon(R) Gold 6226R CPU,NVIDIA RTX A5000,2900.0,2100,22,,
,,390.0,1,pdps,speech.py,113.67668318748474,1681.48046875,"[0.0, 27.3, 0.0, 0.0, 0.0, 0.0, 9.1, 0.0, 0.0, 100.0, 10.0, 0.0, 9.1, 10.0, 0.0, 10.0, 0.0, 66.7, 0.0, 0.0, 20.0, 0.0, 0.0, 0.0, 11.1, 0.0, 20.0, 0.0, 100.0, 10.0, 0.0, 0.0]",100,6.53515625,256,32,24,Intel(R) Xeon(R) Gold 6226R CPU,NVIDIA RTX A5000,2900.0,2100,13,/home/user/Desktop/CODE/Adit/test-clean/LibriSpeech/test-clean/8463/294828/8463-294828-0010.flac,8.34
1.0,448x640,39.6,1,pdpd,detect.py,20.69712233543396,1346.59375,"[0.0, 0.0, 0.0, 11.1, 100.0, 12.5, 0.0, 10.0, 9.1, 100.0, 0.0, 0.0, 30.0, 0.0, 100.0, 0.0, 0.0, 0.0, 9.1, 0.0, 0.0, 0.0, 0.0, 0.0, 9.1, 0.0, 0.0, 0.0, 63.6, 0.0, 0.0, 0.0]",81,3.275390625,256,32,24,Intel(R) Xeon(R) Gold 6226R CPU,NVIDIA RTX A5000,2900.0,2100,11,,
1.0,448x640,44.7,1,pdpd,predict.py,21.19247007369995,1353.4765625,"[20.0, 20.0, 10.0, 9.1, 100.0, 0.0, 0.0, 10.0, 0.0, 36.4, 12.5, 0.0, 0.0, 0.0, 100.0, 0.0, 0.0, 0.0, 0.0, 0.0, 0.0, 22.2, 0.0, 0.0, 0.0, 0.0, 0.0, 0.0, 18.2, 0.0, 0.0, 0.0]",81,3.275390625,256,32,24,Intel(R) Xeon(R) Gold 6226R CPU,NVIDIA RTX A5000,2900.0,2100,11,,
1.0,448x640,72.0,1,pdsp,detect.py,31.491930961608887,1346.98828125,"[10.0, 27.3, 11.1, 0.0, 100.0, 20.0, 20.0, 100.0, 100.0, 9.1, 20.0, 20.0, 100.0, 100.0, 0.0, 0.0, 11.1, 0.0, 0.0, 9.1, 0.0, 0.0, 0.0, 0.0, 0.0, 18.2, 9.1, 0.0, 0.0, 0.0, 0.0, 0.0]",97,6.53515625,256,32,24,Intel(R) Xeon(R) Gold 6226R CPU,NVIDIA RTX A5000,2900.0,2100,17,,
1.0,448x640,59.8,1,pdsp,predict.py,32.845598459243774,1355.60546875,"[0.0, 10.0, 0.0, 11.1, 0.0, 18.2, 10.0, 100.0, 18.2, 20.0, 20.0, 10.0, 100.0, 10.0, 0.0, 22.2, 20.0, 0.0, 100.0, 70.0, 9.1, 27.3, 9.1, 0.0, 0.0, 0.0, 18.2, 25.0, 0.0, 10.0, 0.0, 9.1]",97,6.53515625,256,32,24,Intel(R) Xeon(R) Gold 6226R CPU,NVIDIA RTX A5000,2900.0,2100,22,,
,,390.0,1,pdsp,speech.py,113.24476909637453,1681.36328125,"[30.0, 0.0, 9.1, 0.0, 0.0, 0.0, 60.0, 11.1, 70.0, 0.0, 20.0, 0.0, 0.0, 9.1, 66.7, 20.0, 33.3, 0.0, 27.3, 0.0, 100.0, 40.0, 0.0, 36.4, 33.3, 9.1, 0.0, 50.0, 80.0, 91.7, 0.0, 27.3]",97,6.53515625,256,32,24,Intel(R) Xeon(R) Gold 6226R CPU,NVIDIA RTX A5000,2900.0,2100,20,/home/user/Desktop/CODE/Adit/test-clean/LibriSpeech/test-clean/8463/294828/8463-294828-0010.flac,8.34
1.0,448x640,43.1,1,pdss,detect.py,49.60406851768494,1335.74609375,"[0.0, 0.0, 0.0, 9.1, 100.0, 100.0, 0.0, 100.0, 0.0, 0.0, 0.0, 0.0, 0.0, 0.0, 0.0, 0.0, 0.0, 10.0, 0.0, 0.0, 0.0, 0.0, 0.0, 0.0, 100.0, 0.0, 0.0, 0.0, 0.0, 0.0, 9.1, 0.0]",100,9.31640625,256,32,24,Intel(R) Xeon(R) Gold 6226R CPU,NVIDIA RTX A5000,2900.0,2100,7,,
1.0,448x640,48.1,1,pdss,predict.py,53.23096585273743,1371.9921875,"[0.0, 0.0, 0.0, 100.0, 0.0, 0.0, 10.0, 63.6, 100.0, 0.0, 36.4, 9.1, 0.0, 44.4, 0.0, 30.0, 0.0, 10.0, 0.0, 0.0, 18.2, 0.0, 10.0, 90.0, 27.3, 0.0, 0.0, 0.0, 0.0, 0.0, 27.3, 0.0]",100,9.31640625,256,32,24,Intel(R) Xeon(R) Gold 6226R CPU,NVIDIA RTX A5000,2900.0,2100,14,,
,,390.0,1,pdss,speech.py,185.2495412826538,1761.90234375,"[10.0, 40.0, 10.0, 40.0, 0.0, 100.0, 60.0, 0.0, 30.0, 22.2, 90.9, 9.1, 18.2, 10.0, 0.0, 0.0, 0.0, 30.0, 18.2, 9.1, 33.3, 0.0, 0.0, 44.4, 10.0, 100.0, 0.0, 0.0, 11.1, 0.0, 90.0, 18.2]",100,9.31640625,256,32,24,Intel(R) Xeon(R) Gold 6226R CPU,NVIDIA RTX A5000,2900.0,2100,22,/home/user/Desktop/CODE/Adit/test-clean/LibriSpeech/test-clean/8463/294828/8463-294828-0010.flac,8.34
1.0,448x640,40.9,1,pdsd,detect.py,30.138150453567505,1338.0390625,"[66.7, 9.1, 54.5, 11.1, 0.0, 45.5, 100.0, 88.9, 54.5, 0.0, 9.1, 20.0, 100.0, 50.0, 0.0, 9.1, 45.5, 0.0, 36.4, 10.0, 70.0, 40.0, 0.0, 0.0, 0.0, 90.9, 40.0, 50.0, 0.0, 40.0, 80.0, 9.1]",100,6.056640625,256,32,24,Intel(R) Xeon(R) Gold 6226R CPU,NVIDIA RTX A5000,2900.0,2100,24,,
1.0,448x640,45.7,1,pdsd,predict.py,30.84230399131775,1354.6875,"[9.1, 9.1, 0.0, 0.0, 0.0, 10.0, 100.0, 0.0, 0.0, 100.0, 0.0, 100.0, 81.8, 0.0, 0.0, 0.0, 0.0, 10.0, 0.0, 0.0, 0.0, 0.0, 0.0, 0.0, 0.0, 0.0, 0.0, 0.0, 0.0, 0.0, 9.1, 27.3]",100,6.056640625,256,32,24,Intel(R) Xeon(R) Gold 6226R CPU,NVIDIA RTX A5000,2900.0,2100,10,,
,,390.0,1,pdsd,speech.py,113.43430542945862,1682.796875,"[9.1, 0.0, 45.5, 0.0, 10.0, 10.0, 0.0, 0.0, 0.0, 100.0, 0.0, 10.0, 9.1, 10.0, 10.0, 9.1, 0.0, 9.1, 0.0, 9.1, 9.1, 0.0, 10.0, 81.8, 9.1, 0.0, 0.0, 10.0, 0.0, 0.0, 0.0, 58.3]",100,6.056640625,256,32,24,Intel(R) Xeon(R) Gold 6226R CPU,NVIDIA RTX A5000,2900.0,2100,18,/home/user/Desktop/CODE/Adit/test-clean/LibriSpeech/test-clean/8463/294828/8463-294828-0010.flac,8.34
1.0,448x640,40.6,1,pddp,detect.py,20.903327465057373,1336.43359375,"[0.0, 0.0, 9.1, 0.0, 0.0, 100.0, 100.0, 0.0, 0.0, 100.0, 60.0, 0.0, 0.0, 9.1, 0.0, 0.0, 0.0, 0.0, 36.4, 0.0, 0.0, 0.0, 0.0, 0.0, 0.0, 0.0, 0.0, 0.0, 0.0, 0.0, 0.0, 0.0]",83,3.275390625,256,32,24,Intel(R) Xeon(R) Gold 6226R CPU,NVIDIA RTX A5000,2900.0,2100,7,,
1.0,448x640,45.4,1,pddp,predict.py,21.08020257949829,1379.3515625,"[0.0, 0.0, 0.0, 0.0, 0.0, 100.0, 77.8, 0.0, 9.1, 100.0, 0.0, 0.0, 0.0, 0.0, 0.0, 22.2, 0.0, 0.0, 70.0, 0.0, 0.0, 0.0, 0.0, 0.0, 0.0, 0.0, 30.0, 0.0, 0.0, 0.0, 20.0, 0.0]",83,3.275390625,256,32,24,Intel(R) Xeon(R) Gold 6226R CPU,NVIDIA RTX A5000,2900.0,2100,8,,
1.0,448x640,44.4,1,pdds,detect.py,31.11230182647705,1332.91015625,"[0.0, 22.2, 20.0, 0.0, 0.0, 0.0, 100.0, 0.0, 0.0, 0.0, 0.0, 0.0, 0.0, 9.1, 20.0, 20.0, 0.0, 0.0, 0.0, 20.0, 0.0, 100.0, 0.0, 10.0, 0.0, 0.0, 0.0, 100.0, 0.0, 10.0, 60.0, 0.0]",97,6.056640625,256,32,24,Intel(R) Xeon(R) Gold 6226R CPU,NVIDIA RTX A5000,2900.0,2100,12,,
1.0,448x640,47.5,1,pdds,predict.py,32.07043790817261,1354.4140625,"[9.1, 0.0, 70.0, 0.0, 0.0, 0.0, 100.0, 0.0, 60.0, 20.0, 0.0, 0.0, 44.4, 80.0, 80.0, 30.0, 18.2, 0.0, 0.0, 80.0, 0.0, 90.9, 0.0, 54.5, 10.0, 0.0, 0.0, 90.9, 40.0, 10.0, 88.9, 0.0]",97,6.056640625,256,32,24,Intel(R) Xeon(R) Gold 6226R CPU,NVIDIA RTX A5000,2900.0,2100,18,,
,,390.0,1,pdds,speech.py,112.86465716362,1758.0078125,"[100.0, 0.0, 0.0, 0.0, 0.0, 0.0, 100.0, 20.0, 0.0, 0.0, 0.0, 0.0, 0.0, 100.0, 0.0, 0.0, 0.0, 0.0, 30.0, 0.0, 0.0, 0.0, 27.3, 22.2, 0.0, 0.0, 0.0, 0.0, 0.0, 0.0, 9.1, 0.0]",97,6.056640625,256,32,24,Intel(R) Xeon(R) Gold 6226R CPU,NVIDIA RTX A5000,2900.0,2100,8,/home/user/Desktop/CODE/Adit/test-clean/LibriSpeech/test-clean/8463/294828/8463-294828-0010.flac,8.34
1.0,448x640,40.1,1,pddd,detect.py,20.34330654144287,1338.87890625,"[11.1, 0.0, 90.9, 10.0, 100.0, 0.0, 40.0, 0.0, 0.0, 0.0, 100.0, 0.0, 0.0, 0.0, 20.0, 0.0, 0.0, 0.0, 0.0, 0.0, 0.0, 0.0, 0.0, 100.0, 0.0, 10.0, 0.0, 0.0, 0.0, 0.0, 0.0, 9.1]",80,2.796875,256,32,24,Intel(R) Xeon(R) Gold 6226R CPU,NVIDIA RTX A5000,2900.0,2100,10,,
1.0,448x640,44.2,1,pddd,predict.py,20.597511291503903,1371.13671875,"[0.0, 10.0, 0.0, 10.0, 0.0, 10.0, 40.0, 0.0, 0.0, 50.0, 100.0, 0.0, 33.3, 9.1, 0.0, 0.0, 0.0, 0.0, 0.0, 0.0, 0.0, 0.0, 0.0, 0.0, 0.0, 0.0, 0.0, 0.0, 0.0, 0.0, 9.1, 10.0]",80,2.796875,256,32,24,Intel(R) Xeon(R) Gold 6226R CPU,NVIDIA RTX A5000,2900.0,2100,10,,
1.0,448x640,45.4,1,sppp,predict.py,33.59324288368225,1353.4921875,"[9.1, 18.2, 70.0, 0.0, 9.1, 90.0, 0.0, 18.2, 10.0, 100.0, 20.0, 9.1, 0.0, 100.0, 30.0, 90.9, 18.2, 0.0, 45.5, 20.0, 44.4, 0.0, 27.3, 20.0, 10.0, 0.0, 0.0, 20.0, 20.0, 10.0, 0.0, 0.0]",98,7.013671875,256,32,24,Intel(R) Xeon(R) Gold 6226R CPU,NVIDIA RTX A5000,2900.0,2100,23,,
,,390.0,1,sppp,speech.py,114.64809608459473,1681.8203125,"[0.0, 90.0, 100.0, 70.0, 22.2, 9.1, 0.0, 80.0, 0.0, 30.0, 50.0, 30.0, 20.0, 45.5, 60.0, 0.0, 0.0, 45.5, 0.0, 27.3, 0.0, 40.0, 44.4, 0.0, 45.5, 0.0, 0.0, 63.6, 22.2, 0.0, 50.0, 50.0]",98,7.013671875,256,32,24,Intel(R) Xeon(R) Gold 6226R CPU,NVIDIA RTX A5000,2900.0,2100,21,/home/user/Desktop/CODE/Adit/test-clean/LibriSpeech/test-clean/8463/294828/8463-294828-0010.flac,8.34
1.0,448x640,46.8,1,spps,predict.py,53.9910728931427,1374.46484375,"[44.4, 100.0, 90.0, 10.0, 0.0, 11.1, 0.0, 16.7, 0.0, 11.1, 0.0, 9.1, 0.0, 40.0, 0.0, 0.0, 30.0, 0.0, 10.0, 0.0, 0.0, 30.0, 0.0, 0.0, 0.0, 0.0, 100.0, 100.0, 40.0, 60.0, 0.0, 88.9]",100,9.794921875,256,32,24,Intel(R) Xeon(R) Gold 6226R CPU,NVIDIA RTX A5000,2900.0,2100,17,,
,,390.0,1,spps,speech.py,186.1756796836853,1681.82421875,"[20.0, 60.0, 10.0, 0.0, 40.0, 11.1, 100.0, 54.5, 90.9, 10.0, 10.0, 50.0, 0.0, 60.0, 0.0, 30.0, 50.0, 0.0, 10.0, 100.0, 70.0, 0.0, 18.2, 0.0, 0.0, 0.0, 0.0, 9.1, 0.0, 0.0, 50.0, 54.5]",100,9.794921875,256,32,24,Intel(R) Xeon(R) Gold 6226R CPU,NVIDIA RTX A5000,2900.0,2100,21,/home/user/Desktop/CODE/Adit/test-clean/LibriSpeech/test-clean/8463/294828/8463-294828-0010.flac,8.34
1.0,448x640,43.2,1,sppd,detect.py,32.859676122665405,1332.7734375,"[0.0, 10.0, 100.0, 9.1, 0.0, 9.1, 100.0, 0.0, 100.0, 0.0, 100.0, 9.1, 0.0, 0.0, 0.0, 0.0, 0.0, 0.0, 0.0, 0.0, 0.0, 0.0, 0.0, 0.0, 0.0, 0.0, 0.0, 0.0, 9.1, 0.0, 0.0, 0.0]",100,6.53515625,256,32,24,Intel(R) Xeon(R) Gold 6226R CPU,NVIDIA RTX A5000,2900.0,2100,9,,
1.0,448x640,47.5,1,sppd,predict.py,33.99273061752319,1376.53515625,"[30.0, 75.0, 70.0, 10.0, 10.0, 36.4, 20.0, 44.4, 10.0, 100.0, 100.0, 20.0, 25.0, 77.8, 0.0, 40.0, 0.0, 10.0, 45.5, 80.0, 33.3, 11.1, 77.8, 20.0, 80.0, 0.0, 44.4, 18.2, 44.4, 0.0, 10.0, 0.0]",100,6.53515625,256,32,24,Intel(R) Xeon(R) Gold 6226R CPU,NVIDIA RTX A5000,2900.0,2100,27,,
,,390.0,1,sppd,speech.py,113.54062032699584,1681.6484375,"[9.1, 100.0, 60.0, 20.0, 40.0, 0.0, 0.0, 0.0, 0.0, 33.3, 50.0, 100.0, 60.0, 18.2, 0.0, 55.6, 36.4, 9.1, 9.1, 0.0, 55.6, 0.0, 20.0, 0.0, 0.0, 40.0, 0.0, 0.0, 0.0, 10.0, 0.0, 10.0]",97,6.53515625,256,32,24,Intel(R) Xeon(R) Gold 6226R CPU,NVIDIA RTX A5000,2900.0,2100,19,/home/user/Desktop/CODE/Adit/test-clean/LibriSpeech/test-clean/8463/294828/8463-294828-0010.flac,8.34
1.0,448x640,47.3,1,spsp,predict.py,51.7951180934906,1369.5859375,"[40.0, 30.0, 100.0, 0.0, 36.4, 0.0, 100.0, 36.4, 100.0, 27.3, 40.0, 40.0, 9.1, 18.2, 10.0, 20.0, 0.0, 9.1, 0.0, 70.0, 30.0, 20.0, 0.0, 50.0, 0.0, 0.0, 30.0, 0.0, 20.0, 10.0, 100.0, 0.0]",100,9.794921875,256,32,24,Intel(R) Xeon(R) Gold 6226R CPU,NVIDIA RTX A5000,2900.0,2100,23,,
,,390.0,1,spsp,speech.py,186.0981886386872,1681.83984375,"[9.1, 0.0, 100.0, 0.0, 10.0, 100.0, 0.0, 10.0, 9.1, 100.0, 0.0, 0.0, 0.0, 0.0, 0.0, 90.9, 0.0, 0.0, 0.0, 0.0, 9.1, 0.0, 0.0, 18.2, 20.0, 0.0, 0.0, 0.0, 0.0, 20.0, 10.0, 0.0]",100,9.794921875,256,32,24,Intel(R) Xeon(R) Gold 6226R CPU,NVIDIA RTX A5000,2900.0,2100,13,/home/user/Desktop/CODE/Adit/test-clean/LibriSpeech/test-clean/8463/294828/8463-294828-0010.flac,8.34
1.0,448x640,44.1,1,spss,predict.py,70.18194079399109,1358.26171875,"[0.0, 0.0, 0.0, 60.0, 0.0, 9.1, 0.0, 100.0, 0.0, 0.0, 0.0, 0.0, 0.0, 0.0, 0.0, 0.0, 0.0, 100.0, 55.6, 0.0, 0.0, 9.1, 9.1, 0.0, 0.0, 0.0, 0.0, 0.0, 0.0, 100.0, 9.1, 100.0]",100,12.576171875,256,32,24,Intel(R) Xeon(R) Gold 6226R CPU,NVIDIA RTX A5000,2900.0,2100,10,,
,,390.0,1,spss,speech.py,266.94552421569824,1680.69140625,"[0.0, 0.0, 0.0, 9.1, 0.0, 9.1, 0.0, 0.0, 0.0, 66.7, 0.0, 100.0, 9.1, 100.0, 0.0, 100.0, 10.0, 45.5, 18.2, 0.0, 11.1, 66.7, 0.0, 0.0, 0.0, 0.0, 0.0, 0.0, 0.0, 0.0, 0.0, 27.3]",100,12.576171875,256,32,24,Intel(R) Xeon(R) Gold 6226R CPU,NVIDIA RTX A5000,2900.0,2100,13,/home/user/Desktop/CODE/Adit/test-clean/LibriSpeech/test-clean/8463/294828/8463-294828-0010.flac,8.34
1.0,448x640,39.4,1,spsd,detect.py,39.71079707145691,1337.76171875,"[70.0, 9.1, 40.0, 0.0, 70.0, 55.6, 100.0, 10.0, 10.0, 100.0, 0.0, 44.4, 0.0, 0.0, 10.0, 70.0, 0.0, 30.0, 90.0, 10.0, 30.0, 0.0, 0.0, 36.4, 10.0, 0.0, 44.4, 0.0, 0.0, 100.0, 27.3, 0.0]",100,9.31640625,256,32,24,Intel(R) Xeon(R) Gold 6226R CPU,NVIDIA RTX A5000,2900.0,2100,21,,
1.0,448x640,44.6,1,spsd,predict.py,43.14067101478577,1354.703125,"[0.0, 11.1, 0.0, 0.0, 11.1, 0.0, 100.0, 100.0, 0.0, 0.0, 0.0, 0.0, 0.0, 0.0, 0.0, 0.0, 0.0, 0.0, 0.0, 0.0, 0.0, 11.1, 0.0, 0.0, 0.0, 100.0, 0.0, 0.0, 0.0, 10.0, 0.0, 0.0]",100,9.31640625,256,32,24,Intel(R) Xeon(R) Gold 6226R CPU,NVIDIA RTX A5000,2900.0,2100,7,,
,,390.0,1,spsd,speech.py,187.09364914894104,1670.171875,"[70.0, 0.0, 20.0, 10.0, 0.0, 60.0, 60.0, 0.0, 0.0, 9.1, 100.0, 50.0, 0.0, 50.0, 0.0, 0.0, 22.2, 0.0, 58.3, 20.0, 54.5, 0.0, 18.2, 0.0, 45.5, 30.0, 20.0, 60.0, 100.0, 0.0, 50.0, 36.4]",100,9.31640625,256,32,24,Intel(R) Xeon(R) Gold 6226R CPU,NVIDIA RTX A5000,2900.0,2100,21,/home/user/Desktop/CODE/Adit/test-clean/LibriSpeech/test-clean/8463/294828/8463-294828-0010.flac,8.34
1.0,448x640,42.3,1,spdp,detect.py,33.062894105911255,1334.20703125,"[16.7, 27.3, 36.4, 20.0, 100.0, 100.0, 9.1, 0.0, 33.3, 100.0, 0.0, 40.0, 10.0, 20.0, 20.0, 0.0, 0.0, 50.0, 18.2, 0.0, 30.0, 0.0, 0.0, 40.0, 10.0, 36.4, 60.0, 0.0, 0.0, 0.0, 0.0, 100.0]",100,6.53515625,256,32,24,Intel(R) Xeon(R) Gold 6226R CPU,NVIDIA RTX A5000,2900.0,2100,21,,
1.0,448x640,47.3,1,spdp,predict.py,34.09056234359741,1356.140625,"[20.0, 0.0, 0.0, 10.0, 80.0, 100.0, 0.0, 0.0, 0.0, 0.0, 0.0, 0.0, 10.0, 0.0, 0.0, 100.0, 0.0, 0.0, 0.0, 0.0, 100.0, 0.0, 0.0, 0.0, 9.1, 0.0, 0.0, 0.0, 80.0, 0.0, 0.0, 0.0]",100,6.53515625,256,32,24,Intel(R) Xeon(R) Gold 6226R CPU,NVIDIA RTX A5000,2900.0,2100,9,,
,,390.0,1,spdp,speech.py,113.32076239585876,1670.875,"[0.0, 100.0, 40.0, 0.0, 0.0, 72.7, 0.0, 70.0, 0.0, 0.0, 0.0, 0.0, 0.0, 80.0, 100.0, 20.0, 0.0, 0.0, 0.0, 0.0, 27.3, 10.0, 0.0, 0.0, 10.0, 44.4, 0.0, 50.0, 66.7, 0.0, 45.5, 0.0]",100,6.53515625,256,32,24,Intel(R) Xeon(R) Gold 6226R CPU,NVIDIA RTX A5000,2900.0,2100,14,/home/user/Desktop/CODE/Adit/test-clean/LibriSpeech/test-clean/8463/294828/8463-294828-0010.flac,8.34
1.0,448x640,40.1,1,spds,detect.py,41.884360790252686,1363.12109375,"[0.0, 50.0, 10.0, 0.0, 0.0, 100.0, 36.4, 0.0, 0.0, 0.0, 9.1, 90.9, 100.0, 27.3, 0.0, 66.7, 100.0, 0.0, 88.9, 18.2, 0.0, 0.0, 16.7, 55.6, 50.0, 30.0, 27.3, 9.1, 9.1, 0.0, 0.0, 0.0]",100,9.31640625,256,32,24,Intel(R) Xeon(R) Gold 6226R CPU,NVIDIA RTX A5000,2900.0,2100,19,,
1.0,448x640,44.3,1,spds,predict.py,44.10374999046326,1352.85546875,"[100.0, 0.0, 10.0, 0.0, 0.0, 90.0, 9.1, 0.0, 0.0, 0.0, 10.0, 0.0, 0.0, 10.0, 0.0, 9.1, 0.0, 0.0, 16.7, 0.0, 0.0, 10.0, 0.0, 9.1, 0.0, 0.0, 0.0, 0.0, 100.0, 0.0, 0.0, 0.0]",100,9.31640625,256,32,24,Intel(R) Xeon(R) Gold 6226R CPU,NVIDIA RTX A5000,2900.0,2100,11,,
,,390.0,1,spds,speech.py,189.79857683181763,2130.9453125,"[0.0, 100.0, 11.1, 0.0, 0.0, 50.0, 100.0, 18.2, 0.0, 0.0, 0.0, 0.0, 0.0, 0.0, 0.0, 0.0, 0.0, 0.0, 0.0, 0.0, 27.3, 0.0, 54.5, 81.8, 0.0, 9.1, 0.0, 0.0, 0.0, 9.1, 100.0, 0.0]",100,9.31640625,256,32,24,Intel(R) Xeon(R) Gold 6226R CPU,NVIDIA RTX A5000,2900.0,2100,11,/home/user/Desktop/CODE/Adit/test-clean/LibriSpeech/test-clean/8463/294828/8463-294828-0010.flac,8.34
1.0,448x640,40.1,1,spdd,detect.py,30.62875199317932,1333.4453125,"[10.0, 10.0, 11.1, 0.0, 100.0, 30.0, 100.0, 0.0, 0.0, 30.0, 100.0, 0.0, 9.1, 100.0, 0.0, 100.0, 0.0, 0.0, 0.0, 0.0, 0.0, 0.0, 0.0, 30.0, 0.0, 10.0, 0.0, 22.2, 30.0, 0.0, 9.1, 0.0]",97,6.056640625,256,32,24,Intel(R) Xeon(R) Gold 6226R CPU,NVIDIA RTX A5000,2900.0,2100,16,,
1.0,448x640,44.4,1,spdd,predict.py,31.63084197044373,1372.51171875,"[66.7, 9.1, 60.0, 0.0, 0.0, 36.4, 100.0, 0.0, 10.0, 100.0, 100.0, 36.4, 0.0, 100.0, 10.0, 72.7, 0.0, 9.1, 0.0, 0.0, 0.0, 40.0, 0.0, 0.0, 18.2, 0.0, 20.0, 50.0, 10.0, 0.0, 10.0, 10.0]",97,6.056640625,256,32,24,Intel(R) Xeon(R) Gold 6226R CPU,NVIDIA RTX A5000,2900.0,2100,20,,
,,390.0,1,spdd,speech.py,113.58876872062685,1680.265625,"[0.0, 0.0, 0.0, 0.0, 0.0, 0.0, 0.0, 0.0, 0.0, 0.0, 0.0, 44.4, 0.0, 0.0, 0.0, 0.0, 0.0, 9.1, 0.0, 9.1, 0.0, 0.0, 0.0, 100.0, 0.0, 0.0, 0.0, 0.0, 0.0, 0.0, 0.0, 100.0]",97,6.056640625,256,32,24,Intel(R) Xeon(R) Gold 6226R CPU,NVIDIA RTX A5000,2900.0,2100,5,/home/user/Desktop/CODE/Adit/test-clean/LibriSpeech/test-clean/8463/294828/8463-294828-0010.flac,8.34
1.0,448x640,43.1,1,sspp,predict.py,18.21088719367981,1378.51171875,"[63.6, 60.0, 55.6, 77.8, 63.6, 100.0, 60.0, 80.0, 77.8, 55.6, 60.0, 60.0, 70.0, 80.0, 72.7, 80.0, 60.0, 77.8, 55.6, 55.6, 60.0, 60.0, 60.0, 60.0, 100.0, 88.9, 63.6, 55.6, 55.6, 55.6, 70.0, 100.0]",80,5.173828125,256,32,24,Intel(R) Xeon(R) Gold 6226R CPU,NVIDIA RTX A5000,2900.0,2100,32,,
,,390.0,1,sspp,speech.py,192.694002866745,1682.79296875,"[0.0, 20.0, 0.0, 0.0, 100.0, 0.0, 0.0, 0.0, 0.0, 0.0, 0.0, 9.1, 0.0, 90.0, 0.0, 0.0, 0.0, 0.0, 16.7, 0.0, 0.0, 0.0, 0.0, 100.0, 0.0, 0.0, 0.0, 0.0, 10.0, 0.0, 0.0, 100.0]",100,7.9814453125,256,32,24,Intel(R) Xeon(R) Gold 6226R CPU,NVIDIA RTX A5000,2900.0,2100,8,/home/user/Desktop/CODE/Adit/test-clean/LibriSpeech/test-clean/8463/294828/8463-294828-0010.flac,8.34
1.0,448x640,43.0,1,ssps,predict.py,69.37771844863892,1370.6328125,"[0.0, 0.0, 0.0, 100.0, 20.0, 100.0, 0.0, 20.0, 70.0, 20.0, 100.0, 0.0, 22.2, 100.0, 9.1, 22.2, 0.0, 10.0, 20.0, 9.1, 0.0, 10.0, 20.0, 0.0, 36.4, 0.0, 0.0, 0.0, 18.2, 0.0, 0.0, 10.0]",100,12.576171875,256,32,24,Intel(R) Xeon(R) Gold 6226R CPU,NVIDIA RTX A5000,2900.0,2100,19,,
,,390.0,1,ssps,speech.py,267.6068160533905,2780.03125,"[0.0, 0.0, 0.0, 0.0, 9.1, 9.1, 100.0, 44.4, 100.0, 10.0, 0.0, 100.0, 0.0, 0.0, 0.0, 0.0, 0.0, 9.1, 0.0, 0.0, 0.0, 0.0, 0.0, 54.5, 0.0, 0.0, 100.0, 0.0, 0.0, 0.0, 0.0, 90.0]",100,12.576171875,256,32,24,Intel(R) Xeon(R) Gold 6226R CPU,NVIDIA RTX A5000,2900.0,2100,11,/home/user/Desktop/CODE/Adit/test-clean/LibriSpeech/test-clean/8463/294828/8463-294828-0010.flac,8.34
1.0,448x640,44.9,1,sspd,detect.py,49.09350800514221,1336.7734375,"[100.0, 100.0, 9.1, 0.0, 10.0, 0.0, 0.0, 0.0, 0.0, 0.0, 100.0, 0.0, 100.0, 9.1, 0.0, 0.0, 0.0, 0.0, 0.0, 0.0, 0.0, 0.0, 0.0, 100.0, 0.0, 0.0, 0.0, 0.0, 0.0, 0.0, 0.0, 0.0]",100,9.31640625,256,32,24,Intel(R) Xeon(R) Gold 6226R CPU,NVIDIA RTX A5000,2900.0,2100,8,,
1.0,448x640,47.5,1,sspd,predict.py,52.38917875289917,1359.02734375,"[0.0, 100.0, 0.0, 20.0, 9.1, 0.0, 0.0, 0.0, 0.0, 0.0, 100.0, 0.0, 0.0, 100.0, 0.0, 0.0, 0.0, 0.0, 0.0, 0.0, 0.0, 0.0, 9.1, 0.0, 0.0, 0.0, 0.0, 0.0, 0.0, 0.0, 0.0, 10.0]",100,9.31640625,256,32,24,Intel(R) Xeon(R) Gold 6226R CPU,NVIDIA RTX A5000,2900.0,2100,7,,
,,390.0,1,sspd,speech.py,185.6628947257996,2734.671875,"[66.7, 36.4, 100.0, 45.5, 0.0, 100.0, 44.4, 11.1, 0.0, 20.0, 0.0, 0.0, 100.0, 33.3, 0.0, 50.0, 9.1, 20.0, 0.0, 0.0, 0.0, 0.0, 27.3, 0.0, 0.0, 0.0, 10.0, 18.2, 9.1, 54.5, 50.0, 0.0]",100,9.31640625,256,32,24,Intel(R) Xeon(R) Gold 6226R CPU,NVIDIA RTX A5000,2900.0,2100,19,/home/user/Desktop/CODE/Adit/test-clean/LibriSpeech/test-clean/8463/294828/8463-294828-0010.flac,8.34
